DATAFLOW,LAST UPDATE,freq,age,indic_he,unit,sex,icd10,geo,TIME_PERIOD,OBS_VALUE,OBS_FLAG
ESTAT:HLTH_CO_DISCH2(1.0),21/11/23 23:00:00,A,TOTAL,INPAT,P_HTHAB,T,A-T_Z,AT,2015,25581.2,
ESTAT:HLTH_CO_DISCH2(1.0),21/11/23 23:00:00,A,TOTAL,INPAT,P_HTHAB,T,A-T_Z,BE,2012,16989.8,
ESTAT:HLTH_CO_DISCH2(1.0),21/11/23 23:00:00,A,TOTAL,INPAT,P_HTHAB,T,A-T_Z,BE,2013,16854.3,
ESTAT:HLTH_CO_DISCH2(1.0),21/11/23 23:00:00,A,TOTAL,INPAT,P_HTHAB,T,A-T_Z,BE,2014,16926.7,
ESTAT:HLTH_CO_DISCH2(1.0),21/11/23 23:00:00,A,TOTAL,INPAT,P_HTHAB,T,A-T_Z,BE,2017,16792.1,
ESTAT:HLTH_CO_DISCH2(1.0),21/11/23 23:00:00,A,TOTAL,INPAT,P_HTHAB,T,A-T_Z,BE,2018,16833.3,
ESTAT:HLTH_CO_DISCH2(1.0),21/11/23 23:00:00,A,TOTAL,INPAT,P_HTHAB,T,A-T_Z,BE,2019,16719.3,
ESTAT:HLTH_CO_DISCH2(1.0),21/11/23 23:00:00,A,TOTAL,INPAT,P_HTHAB,T,A-T_Z,BE,2020,13903.3,
ESTAT:HLTH_CO_DISCH2(1.0),21/11/23 23:00:00,A,TOTAL,INPAT,P_HTHAB,T,A-T_Z,BE,2021,15113.1,
ESTAT:HLTH_CO_DISCH2(1.0),21/11/23 23:00:00,A,TOTAL,INPAT,P_HTHAB,T,A-T_Z,BG,2012,27931.8,
ESTAT:HLTH_CO_DISCH2(1.0),21/11/23 23:00:00,A,TOTAL,INPAT,P_HTHAB,T,A-T_Z,BG,2013,30572.3,
ESTAT:HLTH_CO_DISCH2(1.0),21/11/23 23:00:00,A,TOTAL,INPAT,P_HTHAB,T,A-T_Z,BG,2014,32161.3,
ESTAT:HLTH_CO_DISCH2(1.0),21/11/23 23:00:00,A,TOTAL,INPAT,P_HTHAB,T,A-T_Z,BG,2015,32082.7,
ESTAT:HLTH_CO_DISCH2(1.0),21/11/23 23:00:00,A,TOTAL,INPAT,P_HTHAB,T,A-T_Z,BG,2016,31686.8,
ESTAT:HLTH_CO_DISCH2(1.0),21/11/23 23:00:00,A,TOTAL,INPAT,P_HTHAB,T,A-T_Z,BG,2017,32946.3,
ESTAT:HLTH_CO_DISCH2(1.0),21/11/23 23:00:00,A,TOTAL,INPAT,P_HTHAB,T,A-T_Z,BG,2018,34188.6,
ESTAT:HLTH_CO_DISCH2(1.0),21/11/23 23:00:00,A,TOTAL,INPAT,P_HTHAB,T,A-T_Z,BG,2019,34584.4,
ESTAT:HLTH_CO_DISCH2(1.0),21/11/23 23:00:00,A,TOTAL,INPAT,P_HTHAB,T,A-T_Z,BG,2020,28321.6,
ESTAT:HLTH_CO_DISCH2(1.0),21/11/23 23:00:00,A,TOTAL,INPAT,P_HTHAB,T,A-T_Z,BG,2021,29268.6,
ESTAT:HLTH_CO_DISCH2(1.0),21/11/23 23:00:00,A,TOTAL,INPAT,P_HTHAB,T,A-T_Z,CH,2012,16636.3,
ESTAT:HLTH_CO_DISCH2(1.0),21/11/23 23:00:00,A,TOTAL,INPAT,P_HTHAB,T,A-T_Z,CH,2013,16698.6,
ESTAT:HLTH_CO_DISCH2(1.0),21/11/23 23:00:00,A,TOTAL,INPAT,P_HTHAB,T,A-T_Z,CH,2014,16819.7,
ESTAT:HLTH_CO_DISCH2(1.0),21/11/23 23:00:00,A,TOTAL,INPAT,P_HTHAB,T,A-T_Z,CH,2015,16976.9,
ESTAT:HLTH_CO_DISCH2(1.0),21/11/23 23:00:00,A,TOTAL,INPAT,P_HTHAB,T,A-T_Z,CH,2016,17226.6,
ESTAT:HLTH_CO_DISCH2(1.0),21/11/23 23:00:00,A,TOTAL,INPAT,P_HTHAB,T,A-T_Z,CH,2017,17092.8,
ESTAT:HLTH_CO_DISCH2(1.0),21/11/23 23:00:00,A,TOTAL,INPAT,P_HTHAB,T,A-T_Z,CH,2018,16958.0,
ESTAT:HLTH_CO_DISCH2(1.0),21/11/23 23:00:00,A,TOTAL,INPAT,P_HTHAB,T,A-T_Z,CH,2019,16878.5,
ESTAT:HLTH_CO_DISCH2(1.0),21/11/23 23:00:00,A,TOTAL,INPAT,P_HTHAB,T,A-T_Z,CH,2020,15877.2,
ESTAT:HLTH_CO_DISCH2(1.0),21/11/23 23:00:00,A,TOTAL,INPAT,P_HTHAB,T,A-T_Z,CH,2021,16545.2,
ESTAT:HLTH_CO_DISCH2(1.0),21/11/23 23:00:00,A,TOTAL,INPAT,P_HTHAB,T,A-T_Z,CY,2013,7793.4,
ESTAT:HLTH_CO_DISCH2(1.0),21/11/23 23:00:00,A,TOTAL,INPAT,P_HTHAB,T,A-T_Z,CY,2014,7817.2,
ESTAT:HLTH_CO_DISCH2(1.0),21/11/23 23:00:00,A,TOTAL,INPAT,P_HTHAB,T,A-T_Z,CY,2015,7713.0,
ESTAT:HLTH_CO_DISCH2(1.0),21/11/23 23:00:00,A,TOTAL,INPAT,P_HTHAB,T,A-T_Z,CY,2016,7638.2,
ESTAT:HLTH_CO_DISCH2(1.0),21/11/23 23:00:00,A,TOTAL,INPAT,P_HTHAB,T,A-T_Z,CY,2017,7751.5,
ESTAT:HLTH_CO_DISCH2(1.0),21/11/23 23:00:00,A,TOTAL,INPAT,P_HTHAB,T,A-T_Z,CY,2018,7980.4,
ESTAT:HLTH_CO_DISCH2(1.0),21/11/23 23:00:00,A,TOTAL,INPAT,P_HTHAB,T,A-T_Z,CZ,2012,20054.5,
ESTAT:HLTH_CO_DISCH2(1.0),21/11/23 23:00:00,A,TOTAL,INPAT,P_HTHAB,T,A-T_Z,CZ,2013,20377.3,
ESTAT:HLTH_CO_DISCH2(1.0),21/11/23 23:00:00,A,TOTAL,INPAT,P_HTHAB,T,A-T_Z,CZ,2014,20627.4,
ESTAT:HLTH_CO_DISCH2(1.0),21/11/23 23:00:00,A,TOTAL,INPAT,P_HTHAB,T,A-T_Z,CZ,2015,20347.4,
ESTAT:HLTH_CO_DISCH2(1.0),21/11/23 23:00:00,A,TOTAL,INPAT,P_HTHAB,T,A-T_Z,CZ,2016,19994.6,
ESTAT:HLTH_CO_DISCH2(1.0),21/11/23 23:00:00,A,TOTAL,INPAT,P_HTHAB,T,A-T_Z,CZ,2017,19813.6,
ESTAT:HLTH_CO_DISCH2(1.0),21/11/23 23:00:00,A,TOTAL,INPAT,P_HTHAB,T,A-T_Z,CZ,2018,19589.8,
ESTAT:HLTH_CO_DISCH2(1.0),21/11/23 23:00:00,A,TOTAL,INPAT,P_HTHAB,T,A-T_Z,CZ,2019,19133.0,
ESTAT:HLTH_CO_DISCH2(1.0),21/11/23 23:00:00,A,TOTAL,INPAT,P_HTHAB,T,A-T_Z,CZ,2020,16135.1,
ESTAT:HLTH_CO_DISCH2(1.0),21/11/23 23:00:00,A,TOTAL,INPAT,P_HTHAB,T,A-T_Z,CZ,2021,15908.6,
ESTAT:HLTH_CO_DISCH2(1.0),21/11/23 23:00:00,A,TOTAL,INPAT,P_HTHAB,T,A-T_Z,DE,2012,24632.0,
ESTAT:HLTH_CO_DISCH2(1.0),21/11/23 23:00:00,A,TOTAL,INPAT,P_HTHAB,T,A-T_Z,DE,2013,24992.7,
ESTAT:HLTH_CO_DISCH2(1.0),21/11/23 23:00:00,A,TOTAL,INPAT,P_HTHAB,T,A-T_Z,DE,2014,25602.5,
ESTAT:HLTH_CO_DISCH2(1.0),21/11/23 23:00:00,A,TOTAL,INPAT,P_HTHAB,T,A-T_Z,DE,2015,25534.3,
ESTAT:HLTH_CO_DISCH2(1.0),21/11/23 23:00:00,A,TOTAL,INPAT,P_HTHAB,T,A-T_Z,DE,2016,25685.6,
ESTAT:HLTH_CO_DISCH2(1.0),21/11/23 23:00:00,A,TOTAL,INPAT,P_HTHAB,T,A-T_Z,DE,2017,25477.9,
ESTAT:HLTH_CO_DISCH2(1.0),21/11/23 23:00:00,A,TOTAL,INPAT,P_HTHAB,T,A-T_Z,DE,2018,25246.8,
ESTAT:HLTH_CO_DISCH2(1.0),21/11/23 23:00:00,A,TOTAL,INPAT,P_HTHAB,T,A-T_Z,DE,2019,25305.2,
ESTAT:HLTH_CO_DISCH2(1.0),21/11/23 23:00:00,A,TOTAL,INPAT,P_HTHAB,T,A-T_Z,DE,2020,21859.5,
ESTAT:HLTH_CO_DISCH2(1.0),21/11/23 23:00:00,A,TOTAL,INPAT,P_HTHAB,T,A-T_Z,DE,2021,21790.0,
ESTAT:HLTH_CO_DISCH2(1.0),21/11/23 23:00:00,A,TOTAL,INPAT,P_HTHAB,T,A-T_Z,DK,2012,15346.0,
ESTAT:HLTH_CO_DISCH2(1.0),21/11/23 23:00:00,A,TOTAL,INPAT,P_HTHAB,T,A-T_Z,DK,2013,15173.4,
ESTAT:HLTH_CO_DISCH2(1.0),21/11/23 23:00:00,A,TOTAL,INPAT,P_HTHAB,T,A-T_Z,DK,2014,15156.3,
ESTAT:HLTH_CO_DISCH2(1.0),21/11/23 23:00:00,A,TOTAL,INPAT,P_HTHAB,T,A-T_Z,DK,2016,14491.7,
ESTAT:HLTH_CO_DISCH2(1.0),21/11/23 23:00:00,A,TOTAL,INPAT,P_HTHAB,T,A-T_Z,ES,2015,10219.3,
ESTAT:HLTH_CO_DISCH2(1.0),21/11/23 23:00:00,A,TOTAL,INPAT,P_HTHAB,T,A-T_Z,ES,2016,10422.6,
ESTAT:HLTH_CO_DISCH2(1.0),21/11/23 23:00:00,A,TOTAL,INPAT,P_HTHAB,T,A-T_Z,ES,2017,10435.7,
ESTAT:HLTH_CO_DISCH2(1.0),21/11/23 23:00:00,A,TOTAL,INPAT,P_HTHAB,T,A-T_Z,ES,2018,10470.5,
ESTAT:HLTH_CO_DISCH2(1.0),21/11/23 23:00:00,A,TOTAL,INPAT,P_HTHAB,T,A-T_Z,ES,2019,10340.1,
ESTAT:HLTH_CO_DISCH2(1.0),21/11/23 23:00:00,A,TOTAL,INPAT,P_HTHAB,T,A-T_Z,ES,2020,8979.5,
ESTAT:HLTH_CO_DISCH2(1.0),21/11/23 23:00:00,A,TOTAL,INPAT,P_HTHAB,T,A-T_Z,ES,2021,9519.3,
ESTAT:HLTH_CO_DISCH2(1.0),21/11/23 23:00:00,A,TOTAL,INPAT,P_HTHAB,T,A-T_Z,FI,2012,17747.7,
ESTAT:HLTH_CO_DISCH2(1.0),21/11/23 23:00:00,A,TOTAL,INPAT,P_HTHAB,T,A-T_Z,FI,2013,17315.2,
ESTAT:HLTH_CO_DISCH2(1.0),21/11/23 23:00:00,A,TOTAL,INPAT,P_HTHAB,T,A-T_Z,FI,2014,17202.4,
ESTAT:HLTH_CO_DISCH2(1.0),21/11/23 23:00:00,A,TOTAL,INPAT,P_HTHAB,T,A-T_Z,FI,2015,16916.7,
ESTAT:HLTH_CO_DISCH2(1.0),21/11/23 23:00:00,A,TOTAL,INPAT,P_HTHAB,T,A-T_Z,FI,2016,16806.0,
ESTAT:HLTH_CO_DISCH2(1.0),21/11/23 23:00:00,A,TOTAL,INPAT,P_HTHAB,T,A-T_Z,FI,2017,16423.5,
ESTAT:HLTH_CO_DISCH2(1.0),21/11/23 23:00:00,A,TOTAL,INPAT,P_HTHAB,T,A-T_Z,FI,2018,16161.4,
ESTAT:HLTH_CO_DISCH2(1.0),21/11/23 23:00:00,A,TOTAL,INPAT,P_HTHAB,T,A-T_Z,FI,2020,14322.3,
ESTAT:HLTH_CO_DISCH2(1.0),21/11/23 23:00:00,A,TOTAL,INPAT,P_HTHAB,T,A-T_Z,FI,2021,14368.3,
ESTAT:HLTH_CO_DISCH2(1.0),21/11/23 23:00:00,A,TOTAL,INPAT,P_HTHAB,T,A-T_Z,FR,2012,16763.2,
ESTAT:HLTH_CO_DISCH2(1.0),21/11/23 23:00:00,A,TOTAL,INPAT,P_HTHAB,T,A-T_Z,FR,2013,16633.3,
ESTAT:HLTH_CO_DISCH2(1.0),21/11/23 23:00:00,A,TOTAL,INPAT,P_HTHAB,T,A-T_Z,FR,2014,16490.5,
ESTAT:HLTH_CO_DISCH2(1.0),21/11/23 23:00:00,A,TOTAL,INPAT,P_HTHAB,T,A-T_Z,FR,2015,16344.4,
ESTAT:HLTH_CO_DISCH2(1.0),21/11/23 23:00:00,A,TOTAL,INPAT,P_HTHAB,T,A-T_Z,FR,2016,18783.1,
ESTAT:HLTH_CO_DISCH2(1.0),21/11/23 23:00:00,A,TOTAL,INPAT,P_HTHAB,T,A-T_Z,FR,2017,18608.9,
ESTAT:HLTH_CO_DISCH2(1.0),21/11/23 23:00:00,A,TOTAL,INPAT,P_HTHAB,T,A-T_Z,FR,2018,18553.0,
ESTAT:HLTH_CO_DISCH2(1.0),21/11/23 23:00:00,A,TOTAL,INPAT,P_HTHAB,T,A-T_Z,FR,2019,18298.8,
ESTAT:HLTH_CO_DISCH2(1.0),21/11/23 23:00:00,A,TOTAL,INPAT,P_HTHAB,T,A-T_Z,FR,2020,16080.5,
ESTAT:HLTH_CO_DISCH2(1.0),21/11/23 23:00:00,A,TOTAL,INPAT,P_HTHAB,T,A-T_Z,FR,2021,16515.0,
ESTAT:HLTH_CO_DISCH2(1.0),21/11/23 23:00:00,A,TOTAL,INPAT,P_HTHAB,T,A-T_Z,HR,2012,15557.0,
ESTAT:HLTH_CO_DISCH2(1.0),21/11/23 23:00:00,A,TOTAL,INPAT,P_HTHAB,T,A-T_Z,HR,2013,15744.7,
ESTAT:HLTH_CO_DISCH2(1.0),21/11/23 23:00:00,A,TOTAL,INPAT,P_HTHAB,T,A-T_Z,HR,2014,15688.2,
ESTAT:HLTH_CO_DISCH2(1.0),21/11/23 23:00:00,A,TOTAL,INPAT,P_HTHAB,T,A-T_Z,HR,2015,16036.6,
ESTAT:HLTH_CO_DISCH2(1.0),21/11/23 23:00:00,A,TOTAL,INPAT,P_HTHAB,T,A-T_Z,HR,2016,16175.0,
ESTAT:HLTH_CO_DISCH2(1.0),21/11/23 23:00:00,A,TOTAL,INPAT,P_HTHAB,T,A-T_Z,HR,2017,16022.7,
ESTAT:HLTH_CO_DISCH2(1.0),21/11/23 23:00:00,A,TOTAL,INPAT,P_HTHAB,T,A-T_Z,HR,2018,16176.1,
ESTAT:HLTH_CO_DISCH2(1.0),21/11/23 23:00:00,A,TOTAL,INPAT,P_HTHAB,T,A-T_Z,HR,2019,16145.9,
ESTAT:HLTH_CO_DISCH2(1.0),21/11/23 23:00:00,A,TOTAL,INPAT,P_HTHAB,T,A-T_Z,HR,2020,13007.3,
ESTAT:HLTH_CO_DISCH2(1.0),21/11/23 23:00:00,A,TOTAL,INPAT,P_HTHAB,T,A-T_Z,HU,2012,20116.0,
ESTAT:HLTH_CO_DISCH2(1.0),21/11/23 23:00:00,A,TOTAL,INPAT,P_HTHAB,T,A-T_Z,HU,2013,20201.2,
ESTAT:HLTH_CO_DISCH2(1.0),21/11/23 23:00:00,A,TOTAL,INPAT,P_HTHAB,T,A-T_Z,HU,2014,20342.8,
ESTAT:HLTH_CO_DISCH2(1.0),21/11/23 23:00:00,A,TOTAL,INPAT,P_HTHAB,T,A-T_Z,HU,2015,20008.0,
ESTAT:HLTH_CO_DISCH2(1.0),21/11/23 23:00:00,A,TOTAL,INPAT,P_HTHAB,T,A-T_Z,HU,2016,19941.5,
ESTAT:HLTH_CO_DISCH2(1.0),21/11/23 23:00:00,A,TOTAL,INPAT,P_HTHAB,T,A-T_Z,HU,2017,19449.8,
ESTAT:HLTH_CO_DISCH2(1.0),21/11/23 23:00:00,A,TOTAL,INPAT,P_HTHAB,T,A-T_Z,HU,2018,19278.7,
ESTAT:HLTH_CO_DISCH2(1.0),21/11/23 23:00:00,A,TOTAL,INPAT,P_HTHAB,T,A-T_Z,HU,2019,19051.4,
ESTAT:HLTH_CO_DISCH2(1.0),21/11/23 23:00:00,A,TOTAL,INPAT,P_HTHAB,T,A-T_Z,HU,2020,14674.3,
ESTAT:HLTH_CO_DISCH2(1.0),21/11/23 23:00:00,A,TOTAL,INPAT,P_HTHAB,T,A-T_Z,HU,2021,12455.3,
ESTAT:HLTH_CO_DISCH2(1.0),21/11/23 23:00:00,A,TOTAL,INPAT,P_HTHAB,T,A-T_Z,IE,2015,13488.1,
ESTAT:HLTH_CO_DISCH2(1.0),21/11/23 23:00:00,A,TOTAL,INPAT,P_HTHAB,T,A-T_Z,IS,2014,11881.7,
ESTAT:HLTH_CO_DISCH2(1.0),21/11/23 23:00:00,A,TOTAL,INPAT,P_HTHAB,T,A-T_Z,IS,2015,11196.0,
ESTAT:HLTH_CO_DISCH2(1.0),21/11/23 23:00:00,A,TOTAL,INPAT,P_HTHAB,T,A-T_Z,IS,2016,11507.0,
ESTAT:HLTH_CO_DISCH2(1.0),21/11/23 23:00:00,A,TOTAL,INPAT,P_HTHAB,T,A-T_Z,IS,2017,11452.8,
ESTAT:HLTH_CO_DISCH2(1.0),21/11/23 23:00:00,A,TOTAL,INPAT,P_HTHAB,T,A-T_Z,IS,2019,10608.4,
ESTAT:HLTH_CO_DISCH2(1.0),21/11/23 23:00:00,A,TOTAL,INPAT,P_HTHAB,T,A-T_Z,IT,2012,12878.3,
ESTAT:HLTH_CO_DISCH2(1.0),21/11/23 23:00:00,A,TOTAL,INPAT,P_HTHAB,T,A-T_Z,IT,2013,12376.7,
ESTAT:HLTH_CO_DISCH2(1.0),21/11/23 23:00:00,A,TOTAL,INPAT,P_HTHAB,T,A-T_Z,IT,2014,12003.5,
ESTAT:HLTH_CO_DISCH2(1.0),21/11/23 23:00:00,A,TOTAL,INPAT,P_HTHAB,T,A-T_Z,IT,2015,11856.2,
ESTAT:HLTH_CO_DISCH2(1.0),21/11/23 23:00:00,A,TOTAL,INPAT,P_HTHAB,T,A-T_Z,IT,2016,11670.8,
ESTAT:HLTH_CO_DISCH2(1.0),21/11/23 23:00:00,A,TOTAL,INPAT,P_HTHAB,T,A-T_Z,IT,2017,11597.1,
ESTAT:HLTH_CO_DISCH2(1.0),21/11/23 23:00:00,A,TOTAL,INPAT,P_HTHAB,T,A-T_Z,IT,2018,9161.4,
ESTAT:HLTH_CO_DISCH2(1.0),21/11/23 23:00:00,A,TOTAL,INPAT,P_HTHAB,T,A-T_Z,LI,2015,5344.9,
ESTAT:HLTH_CO_DISCH2(1.0),21/11/23 23:00:00,A,TOTAL,INPAT,P_HTHAB,T,A-T_Z,LI,2016,5719.1,
ESTAT:HLTH_CO_DISCH2(1.0),21/11/23 23:00:00,A,TOTAL,INPAT,P_HTHAB,T,A-T_Z,LI,2017,4125.2,
ESTAT:HLTH_CO_DISCH2(1.0),21/11/23 23:00:00,A,TOTAL,INPAT,P_HTHAB,T,A-T_Z,LI,2018,4094.5,
ESTAT:HLTH_CO_DISCH2(1.0),21/11/23 23:00:00,A,TOTAL,INPAT,P_HTHAB,T,A-T_Z,LI,2019,5308.3,
ESTAT:HLTH_CO_DISCH2(1.0),21/11/23 23:00:00,A,TOTAL,INPAT,P_HTHAB,T,A-T_Z,LI,2020,5732.5,
ESTAT:HLTH_CO_DISCH2(1.0),21/11/23 23:00:00,A,TOTAL,INPAT,P_HTHAB,T,A-T_Z,LI,2021,5643.0,
ESTAT:HLTH_CO_DISCH2(1.0),21/11/23 23:00:00,A,TOTAL,INPAT,P_HTHAB,T,A-T_Z,LT,2012,23926.0,
ESTAT:HLTH_CO_DISCH2(1.0),21/11/23 23:00:00,A,TOTAL,INPAT,P_HTHAB,T,A-T_Z,LT,2013,23538.3,
ESTAT:HLTH_CO_DISCH2(1.0),21/11/23 23:00:00,A,TOTAL,INPAT,P_HTHAB,T,A-T_Z,LT,2014,23314.0,
ESTAT:HLTH_CO_DISCH2(1.0),21/11/23 23:00:00,A,TOTAL,INPAT,P_HTHAB,T,A-T_Z,LT,2015,23445.6,
ESTAT:HLTH_CO_DISCH2(1.0),21/11/23 23:00:00,A,TOTAL,INPAT,P_HTHAB,T,A-T_Z,LT,2016,23230.0,
ESTAT:HLTH_CO_DISCH2(1.0),21/11/23 23:00:00,A,TOTAL,INPAT,P_HTHAB,T,A-T_Z,ME,2019,11682.0,
ESTAT:HLTH_CO_DISCH2(1.0),21/11/23 23:00:00,A,TOTAL,INPAT,P_HTHAB,T,A-T_Z,MT,2012,15012.3,
ESTAT:HLTH_CO_DISCH2(1.0),21/11/23 23:00:00,A,TOTAL,INPAT,P_HTHAB,T,A-T_Z,MT,2013,14912.8,
ESTAT:HLTH_CO_DISCH2(1.0),21/11/23 23:00:00,A,TOTAL,INPAT,P_HTHAB,T,A-T_Z,MT,2014,15609.6,
ESTAT:HLTH_CO_DISCH2(1.0),21/11/23 23:00:00,A,TOTAL,INPAT,P_HTHAB,T,A-T_Z,MT,2015,16229.0,
ESTAT:HLTH_CO_DISCH2(1.0),21/11/23 23:00:00,A,TOTAL,INPAT,P_HTHAB,T,A-T_Z,MT,2016,15365.3,
ESTAT:HLTH_CO_DISCH2(1.0),21/11/23 23:00:00,A,TOTAL,INPAT,P_HTHAB,T,A-T_Z,MT,2017,15479.7,
ESTAT:HLTH_CO_DISCH2(1.0),21/11/23 23:00:00,A,TOTAL,INPAT,P_HTHAB,T,A-T_Z,MT,2018,15016.4,
ESTAT:HLTH_CO_DISCH2(1.0),21/11/23 23:00:00,A,TOTAL,INPAT,P_HTHAB,T,A-T_Z,MT,2019,14559.1,
ESTAT:HLTH_CO_DISCH2(1.0),21/11/23 23:00:00,A,TOTAL,INPAT,P_HTHAB,T,A-T_Z,NL,2012,11862.8,
ESTAT:HLTH_CO_DISCH2(1.0),21/11/23 23:00:00,A,TOTAL,INPAT,P_HTHAB,T,A-T_Z,NL,2018,8975.6,
ESTAT:HLTH_CO_DISCH2(1.0),21/11/23 23:00:00,A,TOTAL,INPAT,P_HTHAB,T,A-T_Z,NL,2019,8756.6,
ESTAT:HLTH_CO_DISCH2(1.0),21/11/23 23:00:00,A,TOTAL,INPAT,P_HTHAB,T,A-T_Z,NL,2020,7669.6,
ESTAT:HLTH_CO_DISCH2(1.0),21/11/23 23:00:00,A,TOTAL,INPAT,P_HTHAB,T,A-T_Z,NL,2021,7779.0,
ESTAT:HLTH_CO_DISCH2(1.0),21/11/23 23:00:00,A,TOTAL,INPAT,P_HTHAB,T,A-T_Z,NO,2012,17160.2,
ESTAT:HLTH_CO_DISCH2(1.0),21/11/23 23:00:00,A,TOTAL,INPAT,P_HTHAB,T,A-T_Z,NO,2013,16924.4,b
ESTAT:HLTH_CO_DISCH2(1.0),21/11/23 23:00:00,A,TOTAL,INPAT,P_HTHAB,T,A-T_Z,NO,2014,16846.4,
ESTAT:HLTH_CO_DISCH2(1.0),21/11/23 23:00:00,A,TOTAL,INPAT,P_HTHAB,T,A-T_Z,NO,2015,16822.7,
ESTAT:HLTH_CO_DISCH2(1.0),21/11/23 23:00:00,A,TOTAL,INPAT,P_HTHAB,T,A-T_Z,NO,2016,22060.6,
ESTAT:HLTH_CO_DISCH2(1.0),21/11/23 23:00:00,A,TOTAL,INPAT,P_HTHAB,T,A-T_Z,NO,2017,21649.5,
ESTAT:HLTH_CO_DISCH2(1.0),21/11/23 23:00:00,A,TOTAL,INPAT,P_HTHAB,T,A-T_Z,NO,2018,16348.8,
ESTAT:HLTH_CO_DISCH2(1.0),21/11/23 23:00:00,A,TOTAL,INPAT,P_HTHAB,T,A-T_Z,NO,2019,16245.3,
ESTAT:HLTH_CO_DISCH2(1.0),21/11/23 23:00:00,A,TOTAL,INPAT,P_HTHAB,T,A-T_Z,NO,2020,14800.8,
ESTAT:HLTH_CO_DISCH2(1.0),21/11/23 23:00:00,A,TOTAL,INPAT,P_HTHAB,T,A-T_Z,NO,2021,15448.4,
ESTAT:HLTH_CO_DISCH2(1.0),21/11/23 23:00:00,A,TOTAL,INPAT,P_HTHAB,T,A-T_Z,PL,2012,16221.9,
ESTAT:HLTH_CO_DISCH2(1.0),21/11/23 23:00:00,A,TOTAL,INPAT,P_HTHAB,T,A-T_Z,PL,2013,16699.0,
ESTAT:HLTH_CO_DISCH2(1.0),21/11/23 23:00:00,A,TOTAL,INPAT,P_HTHAB,T,A-T_Z,PL,2014,17134.8,
ESTAT:HLTH_CO_DISCH2(1.0),21/11/23 23:00:00,A,TOTAL,INPAT,P_HTHAB,T,A-T_Z,PL,2015,16595.8,
ESTAT:HLTH_CO_DISCH2(1.0),21/11/23 23:00:00,A,TOTAL,INPAT,P_HTHAB,T,A-T_Z,PL,2016,17923.4,
ESTAT:HLTH_CO_DISCH2(1.0),21/11/23 23:00:00,A,TOTAL,INPAT,P_HTHAB,T,A-T_Z,PL,2017,18151.8,
ESTAT:HLTH_CO_DISCH2(1.0),21/11/23 23:00:00,A,TOTAL,INPAT,P_HTHAB,T,A-T_Z,PL,2018,17301.5,
ESTAT:HLTH_CO_DISCH2(1.0),21/11/23 23:00:00,A,TOTAL,INPAT,P_HTHAB,T,A-T_Z,PL,2019,16824.8,
ESTAT:HLTH_CO_DISCH2(1.0),21/11/23 23:00:00,A,TOTAL,INPAT,P_HTHAB,T,A-T_Z,PL,2020,12625.9,
ESTAT:HLTH_CO_DISCH2(1.0),21/11/23 23:00:00,A,TOTAL,INPAT,P_HTHAB,T,A-T_Z,PL,2021,14509.7,
ESTAT:HLTH_CO_DISCH2(1.0),21/11/23 23:00:00,A,TOTAL,INPAT,P_HTHAB,T,A-T_Z,PT,2012,8599.3,
ESTAT:HLTH_CO_DISCH2(1.0),21/11/23 23:00:00,A,TOTAL,INPAT,P_HTHAB,T,A-T_Z,PT,2013,8564.7,
ESTAT:HLTH_CO_DISCH2(1.0),21/11/23 23:00:00,A,TOTAL,INPAT,P_HTHAB,T,A-T_Z,PT,2014,8453.0,
ESTAT:HLTH_CO_DISCH2(1.0),21/11/23 23:00:00,A,TOTAL,INPAT,P_HTHAB,T,A-T_Z,PT,2015,8492.5,
ESTAT:HLTH_CO_DISCH2(1.0),21/11/23 23:00:00,A,TOTAL,INPAT,P_HTHAB,T,A-T_Z,PT,2018,8308.5,
ESTAT:HLTH_CO_DISCH2(1.0),21/11/23 23:00:00,A,TOTAL,INPAT,P_HTHAB,T,A-T_Z,PT,2019,8673.1,
ESTAT:HLTH_CO_DISCH2(1.0),21/11/23 23:00:00,A,TOTAL,INPAT,P_HTHAB,T,A-T_Z,PT,2020,7391.8,
ESTAT:HLTH_CO_DISCH2(1.0),21/11/23 23:00:00,A,TOTAL,INPAT,P_HTHAB,T,A-T_Z,PT,2021,7702.3,
ESTAT:HLTH_CO_DISCH2(1.0),21/11/23 23:00:00,A,TOTAL,INPAT,P_HTHAB,T,A-T_Z,RO,2012,22092.1,
ESTAT:HLTH_CO_DISCH2(1.0),21/11/23 23:00:00,A,TOTAL,INPAT,P_HTHAB,T,A-T_Z,RO,2013,22266.4,
ESTAT:HLTH_CO_DISCH2(1.0),21/11/23 23:00:00,A,TOTAL,INPAT,P_HTHAB,T,A-T_Z,RO,2014,21269.0,
ESTAT:HLTH_CO_DISCH2(1.0),21/11/23 23:00:00,A,TOTAL,INPAT,P_HTHAB,T,A-T_Z,RO,2015,20924.8,
ESTAT:HLTH_CO_DISCH2(1.0),21/11/23 23:00:00,A,TOTAL,INPAT,P_HTHAB,T,A-T_Z,RO,2016,20655.8,
ESTAT:HLTH_CO_DISCH2(1.0),21/11/23 23:00:00,A,TOTAL,INPAT,P_HTHAB,T,A-T_Z,RO,2017,20770.0,
ESTAT:HLTH_CO_DISCH2(1.0),21/11/23 23:00:00,A,TOTAL,INPAT,P_HTHAB,T,A-T_Z,RO,2018,21124.4,
ESTAT:HLTH_CO_DISCH2(1.0),21/11/23 23:00:00,A,TOTAL,INPAT,P_HTHAB,T,A-T_Z,RO,2019,21311.0,
ESTAT:HLTH_CO_DISCH2(1.0),21/11/23 23:00:00,A,TOTAL,INPAT,P_HTHAB,T,A-T_Z,RO,2020,12991.9,
ESTAT:HLTH_CO_DISCH2(1.0),21/11/23 23:00:00,A,TOTAL,INPAT,P_HTHAB,T,A-T_Z,RO,2021,13212.3,
ESTAT:HLTH_CO_DISCH2(1.0),21/11/23 23:00:00,A,TOTAL,INPAT,P_HTHAB,T,A-T_Z,RS,2014,14023.3,
ESTAT:HLTH_CO_DISCH2(1.0),21/11/23 23:00:00,A,TOTAL,INPAT,P_HTHAB,T,A-T_Z,RS,2016,14484.4,
ESTAT:HLTH_CO_DISCH2(1.0),21/11/23 23:00:00,A,TOTAL,INPAT,P_HTHAB,T,A-T_Z,RS,2020,10951.2,
ESTAT:HLTH_CO_DISCH2(1.0),21/11/23 23:00:00,A,TOTAL,INPAT,P_HTHAB,T,A-T_Z,SE,2013,16084.8,
ESTAT:HLTH_CO_DISCH2(1.0),21/11/23 23:00:00,A,TOTAL,INPAT,P_HTHAB,T,A-T_Z,SE,2014,15676.7,
ESTAT:HLTH_CO_DISCH2(1.0),21/11/23 23:00:00,A,TOTAL,INPAT,P_HTHAB,T,A-T_Z,SE,2016,14627.0,
ESTAT:HLTH_CO_DISCH2(1.0),21/11/23 23:00:00,A,TOTAL,INPAT,P_HTHAB,T,A-T_Z,SE,2018,13874.5,
ESTAT:HLTH_CO_DISCH2(1.0),21/11/23 23:00:00,A,TOTAL,INPAT,P_HTHAB,T,A-T_Z,SE,2019,13681.2,
ESTAT:HLTH_CO_DISCH2(1.0),21/11/23 23:00:00,A,TOTAL,INPAT,P_HTHAB,T,A-T_Z,SE,2020,12754.5,
ESTAT:HLTH_CO_DISCH2(1.0),21/11/23 23:00:00,A,TOTAL,INPAT,P_HTHAB,T,A-T_Z,SE,2021,13012.4,
ESTAT:HLTH_CO_DISCH2(1.0),21/11/23 23:00:00,A,TOTAL,INPAT,P_HTHAB,T,A-T_Z,SI,2012,17106.8,
ESTAT:HLTH_CO_DISCH2(1.0),21/11/23 23:00:00,A,TOTAL,INPAT,P_HTHAB,T,A-T_Z,SI,2013,18150.9,
ESTAT:HLTH_CO_DISCH2(1.0),21/11/23 23:00:00,A,TOTAL,INPAT,P_HTHAB,T,A-T_Z,SI,2014,18405.5,
ESTAT:HLTH_CO_DISCH2(1.0),21/11/23 23:00:00,A,TOTAL,INPAT,P_HTHAB,T,A-T_Z,SI,2015,18456.8,
ESTAT:HLTH_CO_DISCH2(1.0),21/11/23 23:00:00,A,TOTAL,INPAT,P_HTHAB,T,A-T_Z,SI,2016,18258.4,
ESTAT:HLTH_CO_DISCH2(1.0),21/11/23 23:00:00,A,TOTAL,INPAT,P_HTHAB,T,A-T_Z,SI,2017,17613.0,
ESTAT:HLTH_CO_DISCH2(1.0),21/11/23 23:00:00,A,TOTAL,INPAT,P_HTHAB,T,A-T_Z,SI,2018,17495.3,
ESTAT:HLTH_CO_DISCH2(1.0),21/11/23 23:00:00,A,TOTAL,INPAT,P_HTHAB,T,A-T_Z,SI,2019,17301.6,
ESTAT:HLTH_CO_DISCH2(1.0),21/11/23 23:00:00,A,TOTAL,INPAT,P_HTHAB,T,A-T_Z,SI,2020,14285.5,
ESTAT:HLTH_CO_DISCH2(1.0),21/11/23 23:00:00,A,TOTAL,INPAT,P_HTHAB,T,A-T_Z,SI,2021,15100.2,
ESTAT:HLTH_CO_DISCH2(1.0),21/11/23 23:00:00,A,TOTAL,INPAT,P_HTHAB,T,A-T_Z,SK,2012,19034.4,
ESTAT:HLTH_CO_DISCH2(1.0),21/11/23 23:00:00,A,TOTAL,INPAT,P_HTHAB,T,A-T_Z,SK,2014,19427.4,
ESTAT:HLTH_CO_DISCH2(1.0),21/11/23 23:00:00,A,TOTAL,INPAT,P_HTHAB,T,A-T_Z,SK,2015,19575.4,
ESTAT:HLTH_CO_DISCH2(1.0),21/11/23 23:00:00,A,TOTAL,INPAT,P_HTHAB,T,A-T_Z,SK,2016,19732.9,
ESTAT:HLTH_CO_DISCH2(1.0),21/11/23 23:00:00,A,TOTAL,INPAT,P_HTHAB,T,A-T_Z,SK,2017,19507.7,
ESTAT:HLTH_CO_DISCH2(1.0),21/11/23 23:00:00,A,TOTAL,INPAT,P_HTHAB,T,A-T_Z,SK,2018,19094.1,
ESTAT:HLTH_CO_DISCH2(1.0),21/11/23 23:00:00,A,TOTAL,INPAT,P_HTHAB,T,A-T_Z,SK,2019,18913.8,
ESTAT:HLTH_CO_DISCH2(1.0),21/11/23 23:00:00,A,TOTAL,INPAT,P_HTHAB,T,A-T_Z,SK,2020,15480.2,
ESTAT:HLTH_CO_DISCH2(1.0),21/11/23 23:00:00,A,TOTAL,INPAT,P_HTHAB,T,A-T_Z,TR,2014,16705.3,
ESTAT:HLTH_CO_DISCH2(1.0),21/11/23 23:00:00,A,TOTAL,INPAT,P_HTHAB,T,A-T_Z,TR,2015,17114.8,
ESTAT:HLTH_CO_DISCH2(1.0),21/11/23 23:00:00,A,TOTAL,INPAT,P_HTHAB,T,A-T_Z,TR,2016,16785.7,
ESTAT:HLTH_CO_DISCH2(1.0),21/11/23 23:00:00,A,TOTAL,INPAT,P_HTHAB,T,A-T_Z,UK,2012,12998.4,
ESTAT:HLTH_CO_DISCH2(1.0),21/11/23 23:00:00,A,TOTAL,INPAT,P_HTHAB,T,A-T_Z,UK,2013,12901.6,
ESTAT:HLTH_CO_DISCH2(1.0),21/11/23 23:00:00,A,TOTAL,INPAT,P_HTHAB,T,A-T_Z,UK,2014,12901.3,
ESTAT:HLTH_CO_DISCH2(1.0),21/11/23 23:00:00,A,TOTAL,INPAT,P_HTHAB,T,A-T_Z,UK,2015,12833.4,
ESTAT:HLTH_CO_DISCH2(1.0),21/11/23 23:00:00,A,TOTAL,INPAT,P_HTHAB,T,A-T_Z,UK,2016,12769.8,
ESTAT:HLTH_CO_DISCH2(1.0),21/11/23 23:00:00,A,TOTAL,INPAT,P_HTHAB,T,A-T_Z_XNB,AT,2012,27029.2,
ESTAT:HLTH_CO_DISCH2(1.0),21/11/23 23:00:00,A,TOTAL,INPAT,P_HTHAB,T,A-T_Z_XNB,AT,2013,26557.5,
ESTAT:HLTH_CO_DISCH2(1.0),21/11/23 23:00:00,A,TOTAL,INPAT,P_HTHAB,T,A-T_Z_XNB,AT,2014,26274.8,
ESTAT:HLTH_CO_DISCH2(1.0),21/11/23 23:00:00,A,TOTAL,INPAT,P_HTHAB,T,A-T_Z_XNB,AT,2015,25579.6,
ESTAT:HLTH_CO_DISCH2(1.0),21/11/23 23:00:00,A,TOTAL,INPAT,P_HTHAB,T,A-T_Z_XNB,AT,2016,25310.0,
ESTAT:HLTH_CO_DISCH2(1.0),21/11/23 23:00:00,A,TOTAL,INPAT,P_HTHAB,T,A-T_Z_XNB,AT,2017,24925.6,
ESTAT:HLTH_CO_DISCH2(1.0),21/11/23 23:00:00,A,TOTAL,INPAT,P_HTHAB,T,A-T_Z_XNB,AT,2018,24701.8,
ESTAT:HLTH_CO_DISCH2(1.0),21/11/23 23:00:00,A,TOTAL,INPAT,P_HTHAB,T,A-T_Z_XNB,AT,2019,24305.0,
ESTAT:HLTH_CO_DISCH2(1.0),21/11/23 23:00:00,A,TOTAL,INPAT,P_HTHAB,T,A-T_Z_XNB,AT,2020,20179.2,
ESTAT:HLTH_CO_DISCH2(1.0),21/11/23 23:00:00,A,TOTAL,INPAT,P_HTHAB,T,A-T_Z_XNB,AT,2021,20917.1,
ESTAT:HLTH_CO_DISCH2(1.0),21/11/23 23:00:00,A,TOTAL,INPAT,P_HTHAB,T,A-T_Z_XNB,BE,2012,15851.0,
ESTAT:HLTH_CO_DISCH2(1.0),21/11/23 23:00:00,A,TOTAL,INPAT,P_HTHAB,T,A-T_Z_XNB,BE,2013,15747.1,
ESTAT:HLTH_CO_DISCH2(1.0),21/11/23 23:00:00,A,TOTAL,INPAT,P_HTHAB,T,A-T_Z_XNB,BE,2014,15833.3,
ESTAT:HLTH_CO_DISCH2(1.0),21/11/23 23:00:00,A,TOTAL,INPAT,P_HTHAB,T,A-T_Z_XNB,BE,2017,15741.5,
ESTAT:HLTH_CO_DISCH2(1.0),21/11/23 23:00:00,A,TOTAL,INPAT,P_HTHAB,T,A-T_Z_XNB,BE,2018,15760.6,
ESTAT:HLTH_CO_DISCH2(1.0),21/11/23 23:00:00,A,TOTAL,INPAT,P_HTHAB,T,A-T_Z_XNB,BE,2019,15661.3,
ESTAT:HLTH_CO_DISCH2(1.0),21/11/23 23:00:00,A,TOTAL,INPAT,P_HTHAB,T,A-T_Z_XNB,BE,2020,12885.8,
ESTAT:HLTH_CO_DISCH2(1.0),21/11/23 23:00:00,A,TOTAL,INPAT,P_HTHAB,T,A-T_Z_XNB,BE,2021,14065.7,
ESTAT:HLTH_CO_DISCH2(1.0),21/11/23 23:00:00,A,TOTAL,INPAT,P_HTHAB,T,A-T_Z_XNB,BG,2012,27304.2,
ESTAT:HLTH_CO_DISCH2(1.0),21/11/23 23:00:00,A,TOTAL,INPAT,P_HTHAB,T,A-T_Z_XNB,BG,2013,29964.6,
ESTAT:HLTH_CO_DISCH2(1.0),21/11/23 23:00:00,A,TOTAL,INPAT,P_HTHAB,T,A-T_Z_XNB,BG,2014,31545.4,
ESTAT:HLTH_CO_DISCH2(1.0),21/11/23 23:00:00,A,TOTAL,INPAT,P_HTHAB,T,A-T_Z_XNB,BG,2015,31474.2,
ESTAT:HLTH_CO_DISCH2(1.0),21/11/23 23:00:00,A,TOTAL,INPAT,P_HTHAB,T,A-T_Z_XNB,BG,2016,31063.0,
ESTAT:HLTH_CO_DISCH2(1.0),21/11/23 23:00:00,A,TOTAL,INPAT,P_HTHAB,T,A-T_Z_XNB,BG,2017,32342.0,
ESTAT:HLTH_CO_DISCH2(1.0),21/11/23 23:00:00,A,TOTAL,INPAT,P_HTHAB,T,A-T_Z_XNB,BG,2018,33603.8,
ESTAT:HLTH_CO_DISCH2(1.0),21/11/23 23:00:00,A,TOTAL,INPAT,P_HTHAB,T,A-T_Z_XNB,BG,2019,33993.0,
ESTAT:HLTH_CO_DISCH2(1.0),21/11/23 23:00:00,A,TOTAL,INPAT,P_HTHAB,T,A-T_Z_XNB,BG,2020,26927.8,
ESTAT:HLTH_CO_DISCH2(1.0),21/11/23 23:00:00,A,TOTAL,INPAT,P_HTHAB,T,A-T_Z_XNB,BG,2021,26294.8,
ESTAT:HLTH_CO_DISCH2(1.0),21/11/23 23:00:00,A,TOTAL,INPAT,P_HTHAB,T,A-T_Z_XNB,CH,2012,15888.2,
ESTAT:HLTH_CO_DISCH2(1.0),21/11/23 23:00:00,A,TOTAL,INPAT,P_HTHAB,T,A-T_Z_XNB,CH,2013,15962.8,
ESTAT:HLTH_CO_DISCH2(1.0),21/11/23 23:00:00,A,TOTAL,INPAT,P_HTHAB,T,A-T_Z_XNB,CH,2014,16102.4,
ESTAT:HLTH_CO_DISCH2(1.0),21/11/23 23:00:00,A,TOTAL,INPAT,P_HTHAB,T,A-T_Z_XNB,CH,2015,16282.4,
ESTAT:HLTH_CO_DISCH2(1.0),21/11/23 23:00:00,A,TOTAL,INPAT,P_HTHAB,T,A-T_Z_XNB,CH,2016,16551.2,
ESTAT:HLTH_CO_DISCH2(1.0),21/11/23 23:00:00,A,TOTAL,INPAT,P_HTHAB,T,A-T_Z_XNB,CH,2017,16446.1,
ESTAT:HLTH_CO_DISCH2(1.0),21/11/23 23:00:00,A,TOTAL,INPAT,P_HTHAB,T,A-T_Z_XNB,CH,2018,16308.7,
ESTAT:HLTH_CO_DISCH2(1.0),21/11/23 23:00:00,A,TOTAL,INPAT,P_HTHAB,T,A-T_Z_XNB,CH,2019,16232.4,
ESTAT:HLTH_CO_DISCH2(1.0),21/11/23 23:00:00,A,TOTAL,INPAT,P_HTHAB,T,A-T_Z_XNB,CH,2020,15247.5,
ESTAT:HLTH_CO_DISCH2(1.0),21/11/23 23:00:00,A,TOTAL,INPAT,P_HTHAB,T,A-T_Z_XNB,CH,2021,15903.1,
ESTAT:HLTH_CO_DISCH2(1.0),21/11/23 23:00:00,A,TOTAL,INPAT,P_HTHAB,T,A-T_Z_XNB,CY,2012,8083.5,
ESTAT:HLTH_CO_DISCH2(1.0),21/11/23 23:00:00,A,TOTAL,INPAT,P_HTHAB,T,A-T_Z_XNB,CY,2013,7759.9,
ESTAT:HLTH_CO_DISCH2(1.0),21/11/23 23:00:00,A,TOTAL,INPAT,P_HTHAB,T,A-T_Z_XNB,CY,2014,7786.6,
ESTAT:HLTH_CO_DISCH2(1.0),21/11/23 23:00:00,A,TOTAL,INPAT,P_HTHAB,T,A-T_Z_XNB,CY,2015,6917.7,
ESTAT:HLTH_CO_DISCH2(1.0),21/11/23 23:00:00,A,TOTAL,INPAT,P_HTHAB,T,A-T_Z_XNB,CY,2016,7607.2,
ESTAT:HLTH_CO_DISCH2(1.0),21/11/23 23:00:00,A,TOTAL,INPAT,P_HTHAB,T,A-T_Z_XNB,CY,2017,7719.6,
ESTAT:HLTH_CO_DISCH2(1.0),21/11/23 23:00:00,A,TOTAL,INPAT,P_HTHAB,T,A-T_Z_XNB,CY,2018,7944.0,
ESTAT:HLTH_CO_DISCH2(1.0),21/11/23 23:00:00,A,TOTAL,INPAT,P_HTHAB,T,A-T_Z_XNB,CY,2019,7878.3,
ESTAT:HLTH_CO_DISCH2(1.0),21/11/23 23:00:00,A,TOTAL,INPAT,P_HTHAB,T,A-T_Z_XNB,CY,2020,5465.1,
ESTAT:HLTH_CO_DISCH2(1.0),21/11/23 23:00:00,A,TOTAL,INPAT,P_HTHAB,T,A-T_Z_XNB,CY,2021,10097.2,
ESTAT:HLTH_CO_DISCH2(1.0),21/11/23 23:00:00,A,TOTAL,INPAT,P_HTHAB,T,A-T_Z_XNB,CZ,2012,19293.2,
ESTAT:HLTH_CO_DISCH2(1.0),21/11/23 23:00:00,A,TOTAL,INPAT,P_HTHAB,T,A-T_Z_XNB,CZ,2013,19541.6,
ESTAT:HLTH_CO_DISCH2(1.0),21/11/23 23:00:00,A,TOTAL,INPAT,P_HTHAB,T,A-T_Z_XNB,CZ,2014,19746.3,
ESTAT:HLTH_CO_DISCH2(1.0),21/11/23 23:00:00,A,TOTAL,INPAT,P_HTHAB,T,A-T_Z_XNB,CZ,2015,19439.1,
ESTAT:HLTH_CO_DISCH2(1.0),21/11/23 23:00:00,A,TOTAL,INPAT,P_HTHAB,T,A-T_Z_XNB,CZ,2016,19054.2,
ESTAT:HLTH_CO_DISCH2(1.0),21/11/23 23:00:00,A,TOTAL,INPAT,P_HTHAB,T,A-T_Z_XNB,CZ,2017,18846.0,
ESTAT:HLTH_CO_DISCH2(1.0),21/11/23 23:00:00,A,TOTAL,INPAT,P_HTHAB,T,A-T_Z_XNB,CZ,2018,18613.4,
ESTAT:HLTH_CO_DISCH2(1.0),21/11/23 23:00:00,A,TOTAL,INPAT,P_HTHAB,T,A-T_Z_XNB,CZ,2019,18166.2,
ESTAT:HLTH_CO_DISCH2(1.0),21/11/23 23:00:00,A,TOTAL,INPAT,P_HTHAB,T,A-T_Z_XNB,CZ,2020,15121.8,
ESTAT:HLTH_CO_DISCH2(1.0),21/11/23 23:00:00,A,TOTAL,INPAT,P_HTHAB,T,A-T_Z_XNB,CZ,2021,14833.2,
ESTAT:HLTH_CO_DISCH2(1.0),21/11/23 23:00:00,A,TOTAL,INPAT,P_HTHAB,T,A-T_Z_XNB,DE,2012,24069.3,
ESTAT:HLTH_CO_DISCH2(1.0),21/11/23 23:00:00,A,TOTAL,INPAT,P_HTHAB,T,A-T_Z_XNB,DE,2013,24414.9,
ESTAT:HLTH_CO_DISCH2(1.0),21/11/23 23:00:00,A,TOTAL,INPAT,P_HTHAB,T,A-T_Z_XNB,DE,2014,24986.3,
ESTAT:HLTH_CO_DISCH2(1.0),21/11/23 23:00:00,A,TOTAL,INPAT,P_HTHAB,T,A-T_Z_XNB,DE,2015,24906.7,
ESTAT:HLTH_CO_DISCH2(1.0),21/11/23 23:00:00,A,TOTAL,INPAT,P_HTHAB,T,A-T_Z_XNB,DE,2016,25028.6,
ESTAT:HLTH_CO_DISCH2(1.0),21/11/23 23:00:00,A,TOTAL,INPAT,P_HTHAB,T,A-T_Z_XNB,DE,2017,24824.5,
ESTAT:HLTH_CO_DISCH2(1.0),21/11/23 23:00:00,A,TOTAL,INPAT,P_HTHAB,T,A-T_Z_XNB,DE,2018,24592.7,
ESTAT:HLTH_CO_DISCH2(1.0),21/11/23 23:00:00,A,TOTAL,INPAT,P_HTHAB,T,A-T_Z_XNB,DE,2019,24660.6,
ESTAT:HLTH_CO_DISCH2(1.0),21/11/23 23:00:00,A,TOTAL,INPAT,P_HTHAB,T,A-T_Z_XNB,DE,2020,21243.0,
ESTAT:HLTH_CO_DISCH2(1.0),21/11/23 23:00:00,A,TOTAL,INPAT,P_HTHAB,T,A-T_Z_XNB,DE,2021,21142.5,
ESTAT:HLTH_CO_DISCH2(1.0),21/11/23 23:00:00,A,TOTAL,INPAT,P_HTHAB,T,A-T_Z_XNB,DK,2012,15168.3,
ESTAT:HLTH_CO_DISCH2(1.0),21/11/23 23:00:00,A,TOTAL,INPAT,P_HTHAB,T,A-T_Z_XNB,DK,2013,14974.1,
ESTAT:HLTH_CO_DISCH2(1.0),21/11/23 23:00:00,A,TOTAL,INPAT,P_HTHAB,T,A-T_Z_XNB,DK,2014,14959.3,
ESTAT:HLTH_CO_DISCH2(1.0),21/11/23 23:00:00,A,TOTAL,INPAT,P_HTHAB,T,A-T_Z_XNB,DK,2016,14292.2,
ESTAT:HLTH_CO_DISCH2(1.0),21/11/23 23:00:00,A,TOTAL,INPAT,P_HTHAB,T,A-T_Z_XNB,EE,2012,17264.1,
ESTAT:HLTH_CO_DISCH2(1.0),21/11/23 23:00:00,A,TOTAL,INPAT,P_HTHAB,T,A-T_Z_XNB,EE,2013,17147.2,
ESTAT:HLTH_CO_DISCH2(1.0),21/11/23 23:00:00,A,TOTAL,INPAT,P_HTHAB,T,A-T_Z_XNB,EE,2014,16908.7,
ESTAT:HLTH_CO_DISCH2(1.0),21/11/23 23:00:00,A,TOTAL,INPAT,P_HTHAB,T,A-T_Z_XNB,EE,2017,15638.6,
ESTAT:HLTH_CO_DISCH2(1.0),21/11/23 23:00:00,A,TOTAL,INPAT,P_HTHAB,T,A-T_Z_XNB,EE,2018,15588.5,
ESTAT:HLTH_CO_DISCH2(1.0),21/11/23 23:00:00,A,TOTAL,INPAT,P_HTHAB,T,A-T_Z_XNB,EE,2019,15393.6,
ESTAT:HLTH_CO_DISCH2(1.0),21/11/23 23:00:00,A,TOTAL,INPAT,P_HTHAB,T,A-T_Z_XNB,EE,2020,13549.4,
ESTAT:HLTH_CO_DISCH2(1.0),21/11/23 23:00:00,A,TOTAL,INPAT,P_HTHAB,T,A-T_Z_XNB,EE,2021,13469.4,
ESTAT:HLTH_CO_DISCH2(1.0),21/11/23 23:00:00,A,TOTAL,INPAT,P_HTHAB,T,A-T_Z_XNB,EL,2012,19645.6,
ESTAT:HLTH_CO_DISCH2(1.0),21/11/23 23:00:00,A,TOTAL,INPAT,P_HTHAB,T,A-T_Z_XNB,EL,2013,14415.1,
ESTAT:HLTH_CO_DISCH2(1.0),21/11/23 23:00:00,A,TOTAL,INPAT,P_HTHAB,T,A-T_Z_XNB,EL,2014,13805.3,
ESTAT:HLTH_CO_DISCH2(1.0),21/11/23 23:00:00,A,TOTAL,INPAT,P_HTHAB,T,A-T_Z_XNB,EL,2015,27091.8,
ESTAT:HLTH_CO_DISCH2(1.0),21/11/23 23:00:00,A,TOTAL,INPAT,P_HTHAB,T,A-T_Z_XNB,ES,2012,9905.5,
ESTAT:HLTH_CO_DISCH2(1.0),21/11/23 23:00:00,A,TOTAL,INPAT,P_HTHAB,T,A-T_Z_XNB,ES,2013,9947.3,
ESTAT:HLTH_CO_DISCH2(1.0),21/11/23 23:00:00,A,TOTAL,INPAT,P_HTHAB,T,A-T_Z_XNB,ES,2014,10154.0,
ESTAT:HLTH_CO_DISCH2(1.0),21/11/23 23:00:00,A,TOTAL,INPAT,P_HTHAB,T,A-T_Z_XNB,ES,2015,10217.7,
ESTAT:HLTH_CO_DISCH2(1.0),21/11/23 23:00:00,A,TOTAL,INPAT,P_HTHAB,T,A-T_Z_XNB,ES,2016,10419.2,
ESTAT:HLTH_CO_DISCH2(1.0),21/11/23 23:00:00,A,TOTAL,INPAT,P_HTHAB,T,A-T_Z_XNB,ES,2017,10405.2,
ESTAT:HLTH_CO_DISCH2(1.0),21/11/23 23:00:00,A,TOTAL,INPAT,P_HTHAB,T,A-T_Z_XNB,ES,2018,10441.4,
ESTAT:HLTH_CO_DISCH2(1.0),21/11/23 23:00:00,A,TOTAL,INPAT,P_HTHAB,T,A-T_Z_XNB,ES,2019,10311.3,
ESTAT:HLTH_CO_DISCH2(1.0),21/11/23 23:00:00,A,TOTAL,INPAT,P_HTHAB,T,A-T_Z_XNB,ES,2020,8665.0,
ESTAT:HLTH_CO_DISCH2(1.0),21/11/23 23:00:00,A,TOTAL,INPAT,P_HTHAB,T,A-T_Z_XNB,ES,2021,8983.1,
ESTAT:HLTH_CO_DISCH2(1.0),21/11/23 23:00:00,A,TOTAL,INPAT,P_HTHAB,T,A-T_Z_XNB,FI,2013,17309.5,
ESTAT:HLTH_CO_DISCH2(1.0),21/11/23 23:00:00,A,TOTAL,INPAT,P_HTHAB,T,A-T_Z_XNB,FI,2014,17196.7,
ESTAT:HLTH_CO_DISCH2(1.0),21/11/23 23:00:00,A,TOTAL,INPAT,P_HTHAB,T,A-T_Z_XNB,FI,2015,16912.2,
ESTAT:HLTH_CO_DISCH2(1.0),21/11/23 23:00:00,A,TOTAL,INPAT,P_HTHAB,T,A-T_Z_XNB,FI,2016,16801.7,
ESTAT:HLTH_CO_DISCH2(1.0),21/11/23 23:00:00,A,TOTAL,INPAT,P_HTHAB,T,A-T_Z_XNB,FI,2017,16419.0,
ESTAT:HLTH_CO_DISCH2(1.0),21/11/23 23:00:00,A,TOTAL,INPAT,P_HTHAB,T,A-T_Z_XNB,FI,2018,16156.2,
ESTAT:HLTH_CO_DISCH2(1.0),21/11/23 23:00:00,A,TOTAL,INPAT,P_HTHAB,T,A-T_Z_XNB,FI,2020,14250.4,
ESTAT:HLTH_CO_DISCH2(1.0),21/11/23 23:00:00,A,TOTAL,INPAT,P_HTHAB,T,A-T_Z_XNB,FI,2021,14253.6,
ESTAT:HLTH_CO_DISCH2(1.0),21/11/23 23:00:00,A,TOTAL,INPAT,P_HTHAB,T,A-T_Z_XNB,FR,2012,15733.5,
ESTAT:HLTH_CO_DISCH2(1.0),21/11/23 23:00:00,A,TOTAL,INPAT,P_HTHAB,T,A-T_Z_XNB,FR,2013,15630.1,
ESTAT:HLTH_CO_DISCH2(1.0),21/11/23 23:00:00,A,TOTAL,INPAT,P_HTHAB,T,A-T_Z_XNB,FR,2014,15497.5,
ESTAT:HLTH_CO_DISCH2(1.0),21/11/23 23:00:00,A,TOTAL,INPAT,P_HTHAB,T,A-T_Z_XNB,FR,2015,15352.7,
ESTAT:HLTH_CO_DISCH2(1.0),21/11/23 23:00:00,A,TOTAL,INPAT,P_HTHAB,T,A-T_Z_XNB,FR,2016,17797.0,
ESTAT:HLTH_CO_DISCH2(1.0),21/11/23 23:00:00,A,TOTAL,INPAT,P_HTHAB,T,A-T_Z_XNB,FR,2017,17634.8,
ESTAT:HLTH_CO_DISCH2(1.0),21/11/23 23:00:00,A,TOTAL,INPAT,P_HTHAB,T,A-T_Z_XNB,FR,2018,17590.9,
ESTAT:HLTH_CO_DISCH2(1.0),21/11/23 23:00:00,A,TOTAL,INPAT,P_HTHAB,T,A-T_Z_XNB,FR,2019,17350.7,
ESTAT:HLTH_CO_DISCH2(1.0),21/11/23 23:00:00,A,TOTAL,INPAT,P_HTHAB,T,A-T_Z_XNB,FR,2020,14849.2,
ESTAT:HLTH_CO_DISCH2(1.0),21/11/23 23:00:00,A,TOTAL,INPAT,P_HTHAB,T,A-T_Z_XNB,FR,2021,15206.1,
ESTAT:HLTH_CO_DISCH2(1.0),21/11/23 23:00:00,A,TOTAL,INPAT,P_HTHAB,T,A-T_Z_XNB,HR,2012,14909.9,
ESTAT:HLTH_CO_DISCH2(1.0),21/11/23 23:00:00,A,TOTAL,INPAT,P_HTHAB,T,A-T_Z_XNB,HR,2013,15121.3,
ESTAT:HLTH_CO_DISCH2(1.0),21/11/23 23:00:00,A,TOTAL,INPAT,P_HTHAB,T,A-T_Z_XNB,HR,2014,15092.9,
ESTAT:HLTH_CO_DISCH2(1.0),21/11/23 23:00:00,A,TOTAL,INPAT,P_HTHAB,T,A-T_Z_XNB,HR,2015,15464.9,
ESTAT:HLTH_CO_DISCH2(1.0),21/11/23 23:00:00,A,TOTAL,INPAT,P_HTHAB,T,A-T_Z_XNB,HR,2016,15584.7,
ESTAT:HLTH_CO_DISCH2(1.0),21/11/23 23:00:00,A,TOTAL,INPAT,P_HTHAB,T,A-T_Z_XNB,HR,2017,15525.1,
ESTAT:HLTH_CO_DISCH2(1.0),21/11/23 23:00:00,A,TOTAL,INPAT,P_HTHAB,T,A-T_Z_XNB,HR,2018,15734.7,
ESTAT:HLTH_CO_DISCH2(1.0),21/11/23 23:00:00,A,TOTAL,INPAT,P_HTHAB,T,A-T_Z_XNB,HR,2019,15721.8,
ESTAT:HLTH_CO_DISCH2(1.0),21/11/23 23:00:00,A,TOTAL,INPAT,P_HTHAB,T,A-T_Z_XNB,HR,2020,12527.3,
ESTAT:HLTH_CO_DISCH2(1.0),21/11/23 23:00:00,A,TOTAL,INPAT,P_HTHAB,T,A-T_Z_XNB,HR,2021,13813.4,
ESTAT:HLTH_CO_DISCH2(1.0),21/11/23 23:00:00,A,TOTAL,INPAT,P_HTHAB,T,A-T_Z_XNB,HU,2012,19744.8,
ESTAT:HLTH_CO_DISCH2(1.0),21/11/23 23:00:00,A,TOTAL,INPAT,P_HTHAB,T,A-T_Z_XNB,HU,2013,19826.6,
ESTAT:HLTH_CO_DISCH2(1.0),21/11/23 23:00:00,A,TOTAL,INPAT,P_HTHAB,T,A-T_Z_XNB,HU,2014,19961.7,
ESTAT:HLTH_CO_DISCH2(1.0),21/11/23 23:00:00,A,TOTAL,INPAT,P_HTHAB,T,A-T_Z_XNB,HU,2015,19622.3,
ESTAT:HLTH_CO_DISCH2(1.0),21/11/23 23:00:00,A,TOTAL,INPAT,P_HTHAB,T,A-T_Z_XNB,HU,2016,19238.3,
ESTAT:HLTH_CO_DISCH2(1.0),21/11/23 23:00:00,A,TOTAL,INPAT,P_HTHAB,T,A-T_Z_XNB,HU,2017,19047.3,
ESTAT:HLTH_CO_DISCH2(1.0),21/11/23 23:00:00,A,TOTAL,INPAT,P_HTHAB,T,A-T_Z_XNB,HU,2018,18594.9,
ESTAT:HLTH_CO_DISCH2(1.0),21/11/23 23:00:00,A,TOTAL,INPAT,P_HTHAB,T,A-T_Z_XNB,HU,2019,18375.0,
ESTAT:HLTH_CO_DISCH2(1.0),21/11/23 23:00:00,A,TOTAL,INPAT,P_HTHAB,T,A-T_Z_XNB,HU,2020,13250.7,
ESTAT:HLTH_CO_DISCH2(1.0),21/11/23 23:00:00,A,TOTAL,INPAT,P_HTHAB,T,A-T_Z_XNB,HU,2021,10414.3,
ESTAT:HLTH_CO_DISCH2(1.0),21/11/23 23:00:00,A,TOTAL,INPAT,P_HTHAB,T,A-T_Z_XNB,IE,2012,13661.0,
ESTAT:HLTH_CO_DISCH2(1.0),21/11/23 23:00:00,A,TOTAL,INPAT,P_HTHAB,T,A-T_Z_XNB,IE,2013,13531.5,
ESTAT:HLTH_CO_DISCH2(1.0),21/11/23 23:00:00,A,TOTAL,INPAT,P_HTHAB,T,A-T_Z_XNB,IE,2014,13685.4,
ESTAT:HLTH_CO_DISCH2(1.0),21/11/23 23:00:00,A,TOTAL,INPAT,P_HTHAB,T,A-T_Z_XNB,IE,2015,13488.1,
ESTAT:HLTH_CO_DISCH2(1.0),21/11/23 23:00:00,A,TOTAL,INPAT,P_HTHAB,T,A-T_Z_XNB,IE,2016,13539.5,
ESTAT:HLTH_CO_DISCH2(1.0),21/11/23 23:00:00,A,TOTAL,INPAT,P_HTHAB,T,A-T_Z_XNB,IE,2017,13344.2,
ESTAT:HLTH_CO_DISCH2(1.0),21/11/23 23:00:00,A,TOTAL,INPAT,P_HTHAB,T,A-T_Z_XNB,IE,2018,13372.9,
ESTAT:HLTH_CO_DISCH2(1.0),21/11/23 23:00:00,A,TOTAL,INPAT,P_HTHAB,T,A-T_Z_XNB,IE,2019,13320.2,
ESTAT:HLTH_CO_DISCH2(1.0),21/11/23 23:00:00,A,TOTAL,INPAT,P_HTHAB,T,A-T_Z_XNB,IE,2020,11424.7,
ESTAT:HLTH_CO_DISCH2(1.0),21/11/23 23:00:00,A,TOTAL,INPAT,P_HTHAB,T,A-T_Z_XNB,IE,2021,11930.5,
ESTAT:HLTH_CO_DISCH2(1.0),21/11/23 23:00:00,A,TOTAL,INPAT,P_HTHAB,T,A-T_Z_XNB,IS,2014,10920.4,
ESTAT:HLTH_CO_DISCH2(1.0),21/11/23 23:00:00,A,TOTAL,INPAT,P_HTHAB,T,A-T_Z_XNB,IS,2015,10316.0,
ESTAT:HLTH_CO_DISCH2(1.0),21/11/23 23:00:00,A,TOTAL,INPAT,P_HTHAB,T,A-T_Z_XNB,IS,2016,10617.1,
ESTAT:HLTH_CO_DISCH2(1.0),21/11/23 23:00:00,A,TOTAL,INPAT,P_HTHAB,T,A-T_Z_XNB,IS,2017,10561.2,
ESTAT:HLTH_CO_DISCH2(1.0),21/11/23 23:00:00,A,TOTAL,INPAT,P_HTHAB,T,A-T_Z_XNB,IS,2019,9711.5,
ESTAT:HLTH_CO_DISCH2(1.0),21/11/23 23:00:00,A,TOTAL,INPAT,P_HTHAB,T,A-T_Z_XNB,IT,2012,12124.3,
ESTAT:HLTH_CO_DISCH2(1.0),21/11/23 23:00:00,A,TOTAL,INPAT,P_HTHAB,T,A-T_Z_XNB,IT,2013,11824.0,
ESTAT:HLTH_CO_DISCH2(1.0),21/11/23 23:00:00,A,TOTAL,INPAT,P_HTHAB,T,A-T_Z_XNB,IT,2014,11461.8,
ESTAT:HLTH_CO_DISCH2(1.0),21/11/23 23:00:00,A,TOTAL,INPAT,P_HTHAB,T,A-T_Z_XNB,IT,2015,11174.1,
ESTAT:HLTH_CO_DISCH2(1.0),21/11/23 23:00:00,A,TOTAL,INPAT,P_HTHAB,T,A-T_Z_XNB,IT,2016,11001.6,
ESTAT:HLTH_CO_DISCH2(1.0),21/11/23 23:00:00,A,TOTAL,INPAT,P_HTHAB,T,A-T_Z_XNB,IT,2017,10950.9,
ESTAT:HLTH_CO_DISCH2(1.0),21/11/23 23:00:00,A,TOTAL,INPAT,P_HTHAB,T,A-T_Z_XNB,IT,2018,10789.7,
ESTAT:HLTH_CO_DISCH2(1.0),21/11/23 23:00:00,A,TOTAL,INPAT,P_HTHAB,T,A-T_Z_XNB,IT,2019,10580.8,
ESTAT:HLTH_CO_DISCH2(1.0),21/11/23 23:00:00,A,TOTAL,INPAT,P_HTHAB,T,A-T_Z_XNB,IT,2020,8249.6,
ESTAT:HLTH_CO_DISCH2(1.0),21/11/23 23:00:00,A,TOTAL,INPAT,P_HTHAB,T,A-T_Z_XNB,IT,2021,9327.7,
ESTAT:HLTH_CO_DISCH2(1.0),21/11/23 23:00:00,A,TOTAL,INPAT,P_HTHAB,T,A-T_Z_XNB,LI,2015,5344.9,
ESTAT:HLTH_CO_DISCH2(1.0),21/11/23 23:00:00,A,TOTAL,INPAT,P_HTHAB,T,A-T_Z_XNB,LI,2016,5719.1,
ESTAT:HLTH_CO_DISCH2(1.0),21/11/23 23:00:00,A,TOTAL,INPAT,P_HTHAB,T,A-T_Z_XNB,LI,2017,4125.2,
ESTAT:HLTH_CO_DISCH2(1.0),21/11/23 23:00:00,A,TOTAL,INPAT,P_HTHAB,T,A-T_Z_XNB,LI,2018,4094.5,
ESTAT:HLTH_CO_DISCH2(1.0),21/11/23 23:00:00,A,TOTAL,INPAT,P_HTHAB,T,A-T_Z_XNB,LI,2019,5308.3,
ESTAT:HLTH_CO_DISCH2(1.0),21/11/23 23:00:00,A,TOTAL,INPAT,P_HTHAB,T,A-T_Z_XNB,LI,2020,5732.5,
ESTAT:HLTH_CO_DISCH2(1.0),21/11/23 23:00:00,A,TOTAL,INPAT,P_HTHAB,T,A-T_Z_XNB,LI,2021,5637.9,
ESTAT:HLTH_CO_DISCH2(1.0),21/11/23 23:00:00,A,TOTAL,INPAT,P_HTHAB,T,A-T_Z_XNB,LT,2012,23516.9,
ESTAT:HLTH_CO_DISCH2(1.0),21/11/23 23:00:00,A,TOTAL,INPAT,P_HTHAB,T,A-T_Z_XNB,LT,2013,23182.4,
ESTAT:HLTH_CO_DISCH2(1.0),21/11/23 23:00:00,A,TOTAL,INPAT,P_HTHAB,T,A-T_Z_XNB,LT,2014,22956.0,
ESTAT:HLTH_CO_DISCH2(1.0),21/11/23 23:00:00,A,TOTAL,INPAT,P_HTHAB,T,A-T_Z_XNB,LT,2015,23064.8,
ESTAT:HLTH_CO_DISCH2(1.0),21/11/23 23:00:00,A,TOTAL,INPAT,P_HTHAB,T,A-T_Z_XNB,LT,2016,22822.3,
ESTAT:HLTH_CO_DISCH2(1.0),21/11/23 23:00:00,A,TOTAL,INPAT,P_HTHAB,T,A-T_Z_XNB,LT,2017,22511.3,
ESTAT:HLTH_CO_DISCH2(1.0),21/11/23 23:00:00,A,TOTAL,INPAT,P_HTHAB,T,A-T_Z_XNB,LT,2018,22235.6,
ESTAT:HLTH_CO_DISCH2(1.0),21/11/23 23:00:00,A,TOTAL,INPAT,P_HTHAB,T,A-T_Z_XNB,LT,2019,22025.0,
ESTAT:HLTH_CO_DISCH2(1.0),21/11/23 23:00:00,A,TOTAL,INPAT,P_HTHAB,T,A-T_Z_XNB,LT,2020,15753.7,
ESTAT:HLTH_CO_DISCH2(1.0),21/11/23 23:00:00,A,TOTAL,INPAT,P_HTHAB,T,A-T_Z_XNB,LT,2021,16251.4,
ESTAT:HLTH_CO_DISCH2(1.0),21/11/23 23:00:00,A,TOTAL,INPAT,P_HTHAB,T,A-T_Z_XNB,LU,2012,14777.6,
ESTAT:HLTH_CO_DISCH2(1.0),21/11/23 23:00:00,A,TOTAL,INPAT,P_HTHAB,T,A-T_Z_XNB,LU,2013,14177.5,
ESTAT:HLTH_CO_DISCH2(1.0),21/11/23 23:00:00,A,TOTAL,INPAT,P_HTHAB,T,A-T_Z_XNB,LU,2014,13838.6,
ESTAT:HLTH_CO_DISCH2(1.0),21/11/23 23:00:00,A,TOTAL,INPAT,P_HTHAB,T,A-T_Z_XNB,LU,2015,13301.0,
ESTAT:HLTH_CO_DISCH2(1.0),21/11/23 23:00:00,A,TOTAL,INPAT,P_HTHAB,T,A-T_Z_XNB,LU,2016,12817.0,
ESTAT:HLTH_CO_DISCH2(1.0),21/11/23 23:00:00,A,TOTAL,INPAT,P_HTHAB,T,A-T_Z_XNB,LV,2012,17403.4,
ESTAT:HLTH_CO_DISCH2(1.0),21/11/23 23:00:00,A,TOTAL,INPAT,P_HTHAB,T,A-T_Z_XNB,LV,2013,17183.3,
ESTAT:HLTH_CO_DISCH2(1.0),21/11/23 23:00:00,A,TOTAL,INPAT,P_HTHAB,T,A-T_Z_XNB,LV,2014,15904.9,
ESTAT:HLTH_CO_DISCH2(1.0),21/11/23 23:00:00,A,TOTAL,INPAT,P_HTHAB,T,A-T_Z_XNB,LV,2016,17288.5,
ESTAT:HLTH_CO_DISCH2(1.0),21/11/23 23:00:00,A,TOTAL,INPAT,P_HTHAB,T,A-T_Z_XNB,LV,2017,16553.5,
ESTAT:HLTH_CO_DISCH2(1.0),21/11/23 23:00:00,A,TOTAL,INPAT,P_HTHAB,T,A-T_Z_XNB,LV,2018,16352.6,
ESTAT:HLTH_CO_DISCH2(1.0),21/11/23 23:00:00,A,TOTAL,INPAT,P_HTHAB,T,A-T_Z_XNB,LV,2019,16164.9,
ESTAT:HLTH_CO_DISCH2(1.0),21/11/23 23:00:00,A,TOTAL,INPAT,P_HTHAB,T,A-T_Z_XNB,LV,2020,13925.4,
ESTAT:HLTH_CO_DISCH2(1.0),21/11/23 23:00:00,A,TOTAL,INPAT,P_HTHAB,T,A-T_Z_XNB,LV,2021,15259.4,
ESTAT:HLTH_CO_DISCH2(1.0),21/11/23 23:00:00,A,TOTAL,INPAT,P_HTHAB,T,A-T_Z_XNB,ME,2015,12316.8,
ESTAT:HLTH_CO_DISCH2(1.0),21/11/23 23:00:00,A,TOTAL,INPAT,P_HTHAB,T,A-T_Z_XNB,ME,2016,11835.1,
ESTAT:HLTH_CO_DISCH2(1.0),21/11/23 23:00:00,A,TOTAL,INPAT,P_HTHAB,T,A-T_Z_XNB,ME,2017,11789.4,
ESTAT:HLTH_CO_DISCH2(1.0),21/11/23 23:00:00,A,TOTAL,INPAT,P_HTHAB,T,A-T_Z_XNB,ME,2018,11950.4,
ESTAT:HLTH_CO_DISCH2(1.0),21/11/23 23:00:00,A,TOTAL,INPAT,P_HTHAB,T,A-T_Z_XNB,ME,2019,11678.6,
ESTAT:HLTH_CO_DISCH2(1.0),21/11/23 23:00:00,A,TOTAL,INPAT,P_HTHAB,T,A-T_Z_XNB,ME,2020,8171.7,
ESTAT:HLTH_CO_DISCH2(1.0),21/11/23 23:00:00,A,TOTAL,INPAT,P_HTHAB,T,A-T_Z_XNB,ME,2021,9617.2,
ESTAT:HLTH_CO_DISCH2(1.0),21/11/23 23:00:00,A,TOTAL,INPAT,P_HTHAB,T,A-T_Z_XNB,MT,2012,14076.8,
ESTAT:HLTH_CO_DISCH2(1.0),21/11/23 23:00:00,A,TOTAL,INPAT,P_HTHAB,T,A-T_Z_XNB,MT,2013,13956.2,
ESTAT:HLTH_CO_DISCH2(1.0),21/11/23 23:00:00,A,TOTAL,INPAT,P_HTHAB,T,A-T_Z_XNB,MT,2014,14652.4,
ESTAT:HLTH_CO_DISCH2(1.0),21/11/23 23:00:00,A,TOTAL,INPAT,P_HTHAB,T,A-T_Z_XNB,MT,2015,15257.7,
ESTAT:HLTH_CO_DISCH2(1.0),21/11/23 23:00:00,A,TOTAL,INPAT,P_HTHAB,T,A-T_Z_XNB,MT,2016,14446.3,
ESTAT:HLTH_CO_DISCH2(1.0),21/11/23 23:00:00,A,TOTAL,INPAT,P_HTHAB,T,A-T_Z_XNB,MT,2017,14620.8,
ESTAT:HLTH_CO_DISCH2(1.0),21/11/23 23:00:00,A,TOTAL,INPAT,P_HTHAB,T,A-T_Z_XNB,MT,2018,14154.1,
ESTAT:HLTH_CO_DISCH2(1.0),21/11/23 23:00:00,A,TOTAL,INPAT,P_HTHAB,T,A-T_Z_XNB,MT,2019,13823.5,
ESTAT:HLTH_CO_DISCH2(1.0),21/11/23 23:00:00,A,TOTAL,INPAT,P_HTHAB,T,A-T_Z_XNB,MT,2020,10783.0,
ESTAT:HLTH_CO_DISCH2(1.0),21/11/23 23:00:00,A,TOTAL,INPAT,P_HTHAB,T,A-T_Z_XNB,NL,2012,11574.4,
ESTAT:HLTH_CO_DISCH2(1.0),21/11/23 23:00:00,A,TOTAL,INPAT,P_HTHAB,T,A-T_Z_XNB,NL,2013,9959.2,
ESTAT:HLTH_CO_DISCH2(1.0),21/11/23 23:00:00,A,TOTAL,INPAT,P_HTHAB,T,A-T_Z_XNB,NL,2014,9872.7,
ESTAT:HLTH_CO_DISCH2(1.0),21/11/23 23:00:00,A,TOTAL,INPAT,P_HTHAB,T,A-T_Z_XNB,NL,2015,9753.1,
ESTAT:HLTH_CO_DISCH2(1.0),21/11/23 23:00:00,A,TOTAL,INPAT,P_HTHAB,T,A-T_Z_XNB,NL,2016,9635.7,
ESTAT:HLTH_CO_DISCH2(1.0),21/11/23 23:00:00,A,TOTAL,INPAT,P_HTHAB,T,A-T_Z_XNB,NL,2017,9247.1,
ESTAT:HLTH_CO_DISCH2(1.0),21/11/23 23:00:00,A,TOTAL,INPAT,P_HTHAB,T,A-T_Z_XNB,NL,2018,8893.4,
ESTAT:HLTH_CO_DISCH2(1.0),21/11/23 23:00:00,A,TOTAL,INPAT,P_HTHAB,T,A-T_Z_XNB,NL,2019,8677.6,
ESTAT:HLTH_CO_DISCH2(1.0),21/11/23 23:00:00,A,TOTAL,INPAT,P_HTHAB,T,A-T_Z_XNB,NL,2020,7374.8,
ESTAT:HLTH_CO_DISCH2(1.0),21/11/23 23:00:00,A,TOTAL,INPAT,P_HTHAB,T,A-T_Z_XNB,NL,2021,7376.8,
ESTAT:HLTH_CO_DISCH2(1.0),21/11/23 23:00:00,A,TOTAL,INPAT,P_HTHAB,T,A-T_Z_XNB,NO,2012,16130.1,
ESTAT:HLTH_CO_DISCH2(1.0),21/11/23 23:00:00,A,TOTAL,INPAT,P_HTHAB,T,A-T_Z_XNB,NO,2013,15930.8,b
ESTAT:HLTH_CO_DISCH2(1.0),21/11/23 23:00:00,A,TOTAL,INPAT,P_HTHAB,T,A-T_Z_XNB,NO,2014,15886.0,
ESTAT:HLTH_CO_DISCH2(1.0),21/11/23 23:00:00,A,TOTAL,INPAT,P_HTHAB,T,A-T_Z_XNB,NO,2015,15874.5,
ESTAT:HLTH_CO_DISCH2(1.0),21/11/23 23:00:00,A,TOTAL,INPAT,P_HTHAB,T,A-T_Z_XNB,NO,2016,21033.8,
ESTAT:HLTH_CO_DISCH2(1.0),21/11/23 23:00:00,A,TOTAL,INPAT,P_HTHAB,T,A-T_Z_XNB,NO,2017,20671.2,
ESTAT:HLTH_CO_DISCH2(1.0),21/11/23 23:00:00,A,TOTAL,INPAT,P_HTHAB,T,A-T_Z_XNB,NO,2018,15440.9,
ESTAT:HLTH_CO_DISCH2(1.0),21/11/23 23:00:00,A,TOTAL,INPAT,P_HTHAB,T,A-T_Z_XNB,NO,2019,15351.2,
ESTAT:HLTH_CO_DISCH2(1.0),21/11/23 23:00:00,A,TOTAL,INPAT,P_HTHAB,T,A-T_Z_XNB,NO,2020,13947.1,
ESTAT:HLTH_CO_DISCH2(1.0),21/11/23 23:00:00,A,TOTAL,INPAT,P_HTHAB,T,A-T_Z_XNB,NO,2021,14546.7,
ESTAT:HLTH_CO_DISCH2(1.0),21/11/23 23:00:00,A,TOTAL,INPAT,P_HTHAB,T,A-T_Z_XNB,PL,2013,16225.3,
ESTAT:HLTH_CO_DISCH2(1.0),21/11/23 23:00:00,A,TOTAL,INPAT,P_HTHAB,T,A-T_Z_XNB,PL,2014,16649.2,
ESTAT:HLTH_CO_DISCH2(1.0),21/11/23 23:00:00,A,TOTAL,INPAT,P_HTHAB,T,A-T_Z_XNB,PL,2015,16148.5,
ESTAT:HLTH_CO_DISCH2(1.0),21/11/23 23:00:00,A,TOTAL,INPAT,P_HTHAB,T,A-T_Z_XNB,PL,2016,17436.6,
ESTAT:HLTH_CO_DISCH2(1.0),21/11/23 23:00:00,A,TOTAL,INPAT,P_HTHAB,T,A-T_Z_XNB,PL,2017,17616.2,
ESTAT:HLTH_CO_DISCH2(1.0),21/11/23 23:00:00,A,TOTAL,INPAT,P_HTHAB,T,A-T_Z_XNB,PL,2018,16800.4,
ESTAT:HLTH_CO_DISCH2(1.0),21/11/23 23:00:00,A,TOTAL,INPAT,P_HTHAB,T,A-T_Z_XNB,PL,2019,16360.6,
ESTAT:HLTH_CO_DISCH2(1.0),21/11/23 23:00:00,A,TOTAL,INPAT,P_HTHAB,T,A-T_Z_XNB,PL,2020,11961.9,
ESTAT:HLTH_CO_DISCH2(1.0),21/11/23 23:00:00,A,TOTAL,INPAT,P_HTHAB,T,A-T_Z_XNB,PL,2021,13407.6,
ESTAT:HLTH_CO_DISCH2(1.0),21/11/23 23:00:00,A,TOTAL,INPAT,P_HTHAB,T,A-T_Z_XNB,PT,2012,7907.1,
ESTAT:HLTH_CO_DISCH2(1.0),21/11/23 23:00:00,A,TOTAL,INPAT,P_HTHAB,T,A-T_Z_XNB,PT,2013,7926.5,
ESTAT:HLTH_CO_DISCH2(1.0),21/11/23 23:00:00,A,TOTAL,INPAT,P_HTHAB,T,A-T_Z_XNB,PT,2014,7820.1,
ESTAT:HLTH_CO_DISCH2(1.0),21/11/23 23:00:00,A,TOTAL,INPAT,P_HTHAB,T,A-T_Z_XNB,PT,2015,7831.8,
ESTAT:HLTH_CO_DISCH2(1.0),21/11/23 23:00:00,A,TOTAL,INPAT,P_HTHAB,T,A-T_Z_XNB,PT,2018,7603.9,
ESTAT:HLTH_CO_DISCH2(1.0),21/11/23 23:00:00,A,TOTAL,INPAT,P_HTHAB,T,A-T_Z_XNB,PT,2019,7961.7,
ESTAT:HLTH_CO_DISCH2(1.0),21/11/23 23:00:00,A,TOTAL,INPAT,P_HTHAB,T,A-T_Z_XNB,PT,2020,6492.6,
ESTAT:HLTH_CO_DISCH2(1.0),21/11/23 23:00:00,A,TOTAL,INPAT,P_HTHAB,T,A-T_Z_XNB,PT,2021,6743.4,
ESTAT:HLTH_CO_DISCH2(1.0),21/11/23 23:00:00,A,TOTAL,INPAT,P_HTHAB,T,A-T_Z_XNB,RO,2012,21824.5,
ESTAT:HLTH_CO_DISCH2(1.0),21/11/23 23:00:00,A,TOTAL,INPAT,P_HTHAB,T,A-T_Z_XNB,RO,2013,21992.9,
ESTAT:HLTH_CO_DISCH2(1.0),21/11/23 23:00:00,A,TOTAL,INPAT,P_HTHAB,T,A-T_Z_XNB,RO,2014,20993.7,
ESTAT:HLTH_CO_DISCH2(1.0),21/11/23 23:00:00,A,TOTAL,INPAT,P_HTHAB,T,A-T_Z_XNB,RO,2015,20659.9,
ESTAT:HLTH_CO_DISCH2(1.0),21/11/23 23:00:00,A,TOTAL,INPAT,P_HTHAB,T,A-T_Z_XNB,RO,2016,20409.5,
ESTAT:HLTH_CO_DISCH2(1.0),21/11/23 23:00:00,A,TOTAL,INPAT,P_HTHAB,T,A-T_Z_XNB,RO,2017,20523.4,
ESTAT:HLTH_CO_DISCH2(1.0),21/11/23 23:00:00,A,TOTAL,INPAT,P_HTHAB,T,A-T_Z_XNB,RO,2018,20886.8,
ESTAT:HLTH_CO_DISCH2(1.0),21/11/23 23:00:00,A,TOTAL,INPAT,P_HTHAB,T,A-T_Z_XNB,RO,2019,21083.9,
ESTAT:HLTH_CO_DISCH2(1.0),21/11/23 23:00:00,A,TOTAL,INPAT,P_HTHAB,T,A-T_Z_XNB,RO,2020,12751.2,
ESTAT:HLTH_CO_DISCH2(1.0),21/11/23 23:00:00,A,TOTAL,INPAT,P_HTHAB,T,A-T_Z_XNB,RO,2021,12967.7,
ESTAT:HLTH_CO_DISCH2(1.0),21/11/23 23:00:00,A,TOTAL,INPAT,P_HTHAB,T,A-T_Z_XNB,RS,2014,14007.5,
ESTAT:HLTH_CO_DISCH2(1.0),21/11/23 23:00:00,A,TOTAL,INPAT,P_HTHAB,T,A-T_Z_XNB,RS,2016,14475.0,
ESTAT:HLTH_CO_DISCH2(1.0),21/11/23 23:00:00,A,TOTAL,INPAT,P_HTHAB,T,A-T_Z_XNB,RS,2017,14469.9,
ESTAT:HLTH_CO_DISCH2(1.0),21/11/23 23:00:00,A,TOTAL,INPAT,P_HTHAB,T,A-T_Z_XNB,RS,2019,14925.5,
ESTAT:HLTH_CO_DISCH2(1.0),21/11/23 23:00:00,A,TOTAL,INPAT,P_HTHAB,T,A-T_Z_XNB,RS,2021,12035.8,
ESTAT:HLTH_CO_DISCH2(1.0),21/11/23 23:00:00,A,TOTAL,INPAT,P_HTHAB,T,A-T_Z_XNB,SE,2013,14993.3,
ESTAT:HLTH_CO_DISCH2(1.0),21/11/23 23:00:00,A,TOTAL,INPAT,P_HTHAB,T,A-T_Z_XNB,SE,2014,14581.5,
ESTAT:HLTH_CO_DISCH2(1.0),21/11/23 23:00:00,A,TOTAL,INPAT,P_HTHAB,T,A-T_Z_XNB,SE,2015,14129.9,
ESTAT:HLTH_CO_DISCH2(1.0),21/11/23 23:00:00,A,TOTAL,INPAT,P_HTHAB,T,A-T_Z_XNB,SE,2016,13517.3,
ESTAT:HLTH_CO_DISCH2(1.0),21/11/23 23:00:00,A,TOTAL,INPAT,P_HTHAB,T,A-T_Z_XNB,SE,2017,12936.9,
ESTAT:HLTH_CO_DISCH2(1.0),21/11/23 23:00:00,A,TOTAL,INPAT,P_HTHAB,T,A-T_Z_XNB,SE,2018,12827.0,
ESTAT:HLTH_CO_DISCH2(1.0),21/11/23 23:00:00,A,TOTAL,INPAT,P_HTHAB,T,A-T_Z_XNB,SE,2019,12658.2,
ESTAT:HLTH_CO_DISCH2(1.0),21/11/23 23:00:00,A,TOTAL,INPAT,P_HTHAB,T,A-T_Z_XNB,SE,2020,11389.7,
ESTAT:HLTH_CO_DISCH2(1.0),21/11/23 23:00:00,A,TOTAL,INPAT,P_HTHAB,T,A-T_Z_XNB,SE,2021,11640.5,
ESTAT:HLTH_CO_DISCH2(1.0),21/11/23 23:00:00,A,TOTAL,INPAT,P_HTHAB,T,A-T_Z_XNB,SI,2014,17675.3,
ESTAT:HLTH_CO_DISCH2(1.0),21/11/23 23:00:00,A,TOTAL,INPAT,P_HTHAB,T,A-T_Z_XNB,SI,2015,17737.7,
ESTAT:HLTH_CO_DISCH2(1.0),21/11/23 23:00:00,A,TOTAL,INPAT,P_HTHAB,T,A-T_Z_XNB,SI,2016,17553.8,
ESTAT:HLTH_CO_DISCH2(1.0),21/11/23 23:00:00,A,TOTAL,INPAT,P_HTHAB,T,A-T_Z_XNB,SI,2017,16903.2,
ESTAT:HLTH_CO_DISCH2(1.0),21/11/23 23:00:00,A,TOTAL,INPAT,P_HTHAB,T,A-T_Z_XNB,SI,2018,16806.8,
ESTAT:HLTH_CO_DISCH2(1.0),21/11/23 23:00:00,A,TOTAL,INPAT,P_HTHAB,T,A-T_Z_XNB,SI,2019,16621.0,
ESTAT:HLTH_CO_DISCH2(1.0),21/11/23 23:00:00,A,TOTAL,INPAT,P_HTHAB,T,A-T_Z_XNB,SI,2020,13609.6,
ESTAT:HLTH_CO_DISCH2(1.0),21/11/23 23:00:00,A,TOTAL,INPAT,P_HTHAB,T,A-T_Z_XNB,SI,2021,14402.8,
ESTAT:HLTH_CO_DISCH2(1.0),21/11/23 23:00:00,A,TOTAL,INPAT,P_HTHAB,T,A-T_Z_XNB,SK,2012,18339.0,
ESTAT:HLTH_CO_DISCH2(1.0),21/11/23 23:00:00,A,TOTAL,INPAT,P_HTHAB,T,A-T_Z_XNB,SK,2014,18713.6,
ESTAT:HLTH_CO_DISCH2(1.0),21/11/23 23:00:00,A,TOTAL,INPAT,P_HTHAB,T,A-T_Z_XNB,SK,2015,18848.3,
ESTAT:HLTH_CO_DISCH2(1.0),21/11/23 23:00:00,A,TOTAL,INPAT,P_HTHAB,T,A-T_Z_XNB,SK,2016,18978.9,
ESTAT:HLTH_CO_DISCH2(1.0),21/11/23 23:00:00,A,TOTAL,INPAT,P_HTHAB,T,A-T_Z_XNB,SK,2017,18813.1,
ESTAT:HLTH_CO_DISCH2(1.0),21/11/23 23:00:00,A,TOTAL,INPAT,P_HTHAB,T,A-T_Z_XNB,SK,2018,18410.0,
ESTAT:HLTH_CO_DISCH2(1.0),21/11/23 23:00:00,A,TOTAL,INPAT,P_HTHAB,T,A-T_Z_XNB,SK,2019,18190.1,
ESTAT:HLTH_CO_DISCH2(1.0),21/11/23 23:00:00,A,TOTAL,INPAT,P_HTHAB,T,A-T_Z_XNB,SK,2020,14632.4,
ESTAT:HLTH_CO_DISCH2(1.0),21/11/23 23:00:00,A,TOTAL,INPAT,P_HTHAB,T,A-T_Z_XNB,SK,2021,14271.8,
ESTAT:HLTH_CO_DISCH2(1.0),21/11/23 23:00:00,A,TOTAL,INPAT,P_HTHAB,T,A-T_Z_XNB,TR,2014,15658.3,
ESTAT:HLTH_CO_DISCH2(1.0),21/11/23 23:00:00,A,TOTAL,INPAT,P_HTHAB,T,A-T_Z_XNB,TR,2015,16062.6,
ESTAT:HLTH_CO_DISCH2(1.0),21/11/23 23:00:00,A,TOTAL,INPAT,P_HTHAB,T,A-T_Z_XNB,TR,2016,15769.7,
ESTAT:HLTH_CO_DISCH2(1.0),21/11/23 23:00:00,A,TOTAL,INPAT,P_HTHAB,T,A-T_Z_XNB,UK,2012,12423.8,
ESTAT:HLTH_CO_DISCH2(1.0),21/11/23 23:00:00,A,TOTAL,INPAT,P_HTHAB,T,A-T_Z_XNB,UK,2013,12375.3,
ESTAT:HLTH_CO_DISCH2(1.0),21/11/23 23:00:00,A,TOTAL,INPAT,P_HTHAB,T,A-T_Z_XNB,UK,2014,12402.1,
ESTAT:HLTH_CO_DISCH2(1.0),21/11/23 23:00:00,A,TOTAL,INPAT,P_HTHAB,T,A-T_Z_XNB,UK,2015,12335.0,
ESTAT:HLTH_CO_DISCH2(1.0),21/11/23 23:00:00,A,TOTAL,INPAT,P_HTHAB,T,A-T_Z_XNB,UK,2016,12287.4,
ESTAT:HLTH_CO_DISCH2(1.0),21/11/23 23:00:00,A,TOTAL,INPAT,P_HTHAB,T,I,AT,2012,3668.4,
ESTAT:HLTH_CO_DISCH2(1.0),21/11/23 23:00:00,A,TOTAL,INPAT,P_HTHAB,T,I,AT,2013,3577.7,
ESTAT:HLTH_CO_DISCH2(1.0),21/11/23 23:00:00,A,TOTAL,INPAT,P_HTHAB,T,I,AT,2014,3515.2,
ESTAT:HLTH_CO_DISCH2(1.0),21/11/23 23:00:00,A,TOTAL,INPAT,P_HTHAB,T,I,AT,2015,3354.9,
ESTAT:HLTH_CO_DISCH2(1.0),21/11/23 23:00:00,A,TOTAL,INPAT,P_HTHAB,T,I,AT,2016,3355.1,
ESTAT:HLTH_CO_DISCH2(1.0),21/11/23 23:00:00,A,TOTAL,INPAT,P_HTHAB,T,I,AT,2017,3264.9,
ESTAT:HLTH_CO_DISCH2(1.0),21/11/23 23:00:00,A,TOTAL,INPAT,P_HTHAB,T,I,AT,2018,3225.0,
ESTAT:HLTH_CO_DISCH2(1.0),21/11/23 23:00:00,A,TOTAL,INPAT,P_HTHAB,T,I,AT,2019,3210.2,
ESTAT:HLTH_CO_DISCH2(1.0),21/11/23 23:00:00,A,TOTAL,INPAT,P_HTHAB,T,I,AT,2020,2698.8,
ESTAT:HLTH_CO_DISCH2(1.0),21/11/23 23:00:00,A,TOTAL,INPAT,P_HTHAB,T,I,AT,2021,2833.0,
ESTAT:HLTH_CO_DISCH2(1.0),21/11/23 23:00:00,A,TOTAL,INPAT,P_HTHAB,T,I,BE,2012,1968.5,
ESTAT:HLTH_CO_DISCH2(1.0),21/11/23 23:00:00,A,TOTAL,INPAT,P_HTHAB,T,I,BE,2013,1948.9,
ESTAT:HLTH_CO_DISCH2(1.0),21/11/23 23:00:00,A,TOTAL,INPAT,P_HTHAB,T,I,BE,2014,1934.2,
ESTAT:HLTH_CO_DISCH2(1.0),21/11/23 23:00:00,A,TOTAL,INPAT,P_HTHAB,T,I,BE,2017,1909.5,
ESTAT:HLTH_CO_DISCH2(1.0),21/11/23 23:00:00,A,TOTAL,INPAT,P_HTHAB,T,I,BE,2018,1886.1,
ESTAT:HLTH_CO_DISCH2(1.0),21/11/23 23:00:00,A,TOTAL,INPAT,P_HTHAB,T,I,BE,2019,1900.0,
ESTAT:HLTH_CO_DISCH2(1.0),21/11/23 23:00:00,A,TOTAL,INPAT,P_HTHAB,T,I,BE,2020,1586.0,
ESTAT:HLTH_CO_DISCH2(1.0),21/11/23 23:00:00,A,TOTAL,INPAT,P_HTHAB,T,I,BE,2021,1705.8,
ESTAT:HLTH_CO_DISCH2(1.0),21/11/23 23:00:00,A,TOTAL,INPAT,P_HTHAB,T,I,BG,2012,4016.4,
ESTAT:HLTH_CO_DISCH2(1.0),21/11/23 23:00:00,A,TOTAL,INPAT,P_HTHAB,T,I,BG,2013,4316.5,
ESTAT:HLTH_CO_DISCH2(1.0),21/11/23 23:00:00,A,TOTAL,INPAT,P_HTHAB,T,I,BG,2014,4444.6,
ESTAT:HLTH_CO_DISCH2(1.0),21/11/23 23:00:00,A,TOTAL,INPAT,P_HTHAB,T,I,BG,2015,4423.0,
ESTAT:HLTH_CO_DISCH2(1.0),21/11/23 23:00:00,A,TOTAL,INPAT,P_HTHAB,T,I,BG,2016,4548.1,
ESTAT:HLTH_CO_DISCH2(1.0),21/11/23 23:00:00,A,TOTAL,INPAT,P_HTHAB,T,I,BG,2017,4648.5,
ESTAT:HLTH_CO_DISCH2(1.0),21/11/23 23:00:00,A,TOTAL,INPAT,P_HTHAB,T,I,BG,2018,4634.0,
ESTAT:HLTH_CO_DISCH2(1.0),21/11/23 23:00:00,A,TOTAL,INPAT,P_HTHAB,T,I,BG,2019,4697.4,
ESTAT:HLTH_CO_DISCH2(1.0),21/11/23 23:00:00,A,TOTAL,INPAT,P_HTHAB,T,I,BG,2020,3618.0,
ESTAT:HLTH_CO_DISCH2(1.0),21/11/23 23:00:00,A,TOTAL,INPAT,P_HTHAB,T,I,BG,2021,3343.7,
ESTAT:HLTH_CO_DISCH2(1.0),21/11/23 23:00:00,A,TOTAL,INPAT,P_HTHAB,T,I,CH,2012,1820.0,
ESTAT:HLTH_CO_DISCH2(1.0),21/11/23 23:00:00,A,TOTAL,INPAT,P_HTHAB,T,I,CH,2013,1823.1,
ESTAT:HLTH_CO_DISCH2(1.0),21/11/23 23:00:00,A,TOTAL,INPAT,P_HTHAB,T,I,CH,2014,1875.3,
ESTAT:HLTH_CO_DISCH2(1.0),21/11/23 23:00:00,A,TOTAL,INPAT,P_HTHAB,T,I,CH,2015,1836.9,
ESTAT:HLTH_CO_DISCH2(1.0),21/11/23 23:00:00,A,TOTAL,INPAT,P_HTHAB,T,I,CH,2016,1879.5,
ESTAT:HLTH_CO_DISCH2(1.0),21/11/23 23:00:00,A,TOTAL,INPAT,P_HTHAB,T,I,CH,2017,1846.9,
ESTAT:HLTH_CO_DISCH2(1.0),21/11/23 23:00:00,A,TOTAL,INPAT,P_HTHAB,T,I,CH,2018,1828.7,
ESTAT:HLTH_CO_DISCH2(1.0),21/11/23 23:00:00,A,TOTAL,INPAT,P_HTHAB,T,I,CH,2019,1856.2,
ESTAT:HLTH_CO_DISCH2(1.0),21/11/23 23:00:00,A,TOTAL,INPAT,P_HTHAB,T,I,CH,2020,1712.1,
ESTAT:HLTH_CO_DISCH2(1.0),21/11/23 23:00:00,A,TOTAL,INPAT,P_HTHAB,T,I,CH,2021,1771.0,
ESTAT:HLTH_CO_DISCH2(1.0),21/11/23 23:00:00,A,TOTAL,INPAT,P_HTHAB,T,I,CY,2012,449.0,
ESTAT:HLTH_CO_DISCH2(1.0),21/11/23 23:00:00,A,TOTAL,INPAT,P_HTHAB,T,I,CY,2013,683.7,
ESTAT:HLTH_CO_DISCH2(1.0),21/11/23 23:00:00,A,TOTAL,INPAT,P_HTHAB,T,I,CY,2014,889.3,
ESTAT:HLTH_CO_DISCH2(1.0),21/11/23 23:00:00,A,TOTAL,INPAT,P_HTHAB,T,I,CY,2015,844.1,
ESTAT:HLTH_CO_DISCH2(1.0),21/11/23 23:00:00,A,TOTAL,INPAT,P_HTHAB,T,I,CY,2016,812.3,
ESTAT:HLTH_CO_DISCH2(1.0),21/11/23 23:00:00,A,TOTAL,INPAT,P_HTHAB,T,I,CY,2017,875.0,
ESTAT:HLTH_CO_DISCH2(1.0),21/11/23 23:00:00,A,TOTAL,INPAT,P_HTHAB,T,I,CY,2018,900.8,
ESTAT:HLTH_CO_DISCH2(1.0),21/11/23 23:00:00,A,TOTAL,INPAT,P_HTHAB,T,I,CY,2019,929.9,
ESTAT:HLTH_CO_DISCH2(1.0),21/11/23 23:00:00,A,TOTAL,INPAT,P_HTHAB,T,I,CY,2020,474.2,
ESTAT:HLTH_CO_DISCH2(1.0),21/11/23 23:00:00,A,TOTAL,INPAT,P_HTHAB,T,I,CY,2021,1278.3,
ESTAT:HLTH_CO_DISCH2(1.0),21/11/23 23:00:00,A,TOTAL,INPAT,P_HTHAB,T,I,CZ,2012,2861.3,
ESTAT:HLTH_CO_DISCH2(1.0),21/11/23 23:00:00,A,TOTAL,INPAT,P_HTHAB,T,I,CZ,2013,2772.2,
ESTAT:HLTH_CO_DISCH2(1.0),21/11/23 23:00:00,A,TOTAL,INPAT,P_HTHAB,T,I,CZ,2014,2787.6,
ESTAT:HLTH_CO_DISCH2(1.0),21/11/23 23:00:00,A,TOTAL,INPAT,P_HTHAB,T,I,CZ,2015,2715.0,
ESTAT:HLTH_CO_DISCH2(1.0),21/11/23 23:00:00,A,TOTAL,INPAT,P_HTHAB,T,I,CZ,2016,2608.0,
ESTAT:HLTH_CO_DISCH2(1.0),21/11/23 23:00:00,A,TOTAL,INPAT,P_HTHAB,T,I,CZ,2017,2568.8,
ESTAT:HLTH_CO_DISCH2(1.0),21/11/23 23:00:00,A,TOTAL,INPAT,P_HTHAB,T,I,CZ,2018,2486.1,
ESTAT:HLTH_CO_DISCH2(1.0),21/11/23 23:00:00,A,TOTAL,INPAT,P_HTHAB,T,I,CZ,2019,2406.2,
ESTAT:HLTH_CO_DISCH2(1.0),21/11/23 23:00:00,A,TOTAL,INPAT,P_HTHAB,T,I,CZ,2020,2063.9,
ESTAT:HLTH_CO_DISCH2(1.0),21/11/23 23:00:00,A,TOTAL,INPAT,P_HTHAB,T,I,CZ,2021,1967.7,
ESTAT:HLTH_CO_DISCH2(1.0),21/11/23 23:00:00,A,TOTAL,INPAT,P_HTHAB,T,I,DE,2012,3680.4,
ESTAT:HLTH_CO_DISCH2(1.0),21/11/23 23:00:00,A,TOTAL,INPAT,P_HTHAB,T,I,DE,2013,3659.2,
ESTAT:HLTH_CO_DISCH2(1.0),21/11/23 23:00:00,A,TOTAL,INPAT,P_HTHAB,T,I,DE,2014,3772.5,
ESTAT:HLTH_CO_DISCH2(1.0),21/11/23 23:00:00,A,TOTAL,INPAT,P_HTHAB,T,I,DE,2015,3744.7,
ESTAT:HLTH_CO_DISCH2(1.0),21/11/23 23:00:00,A,TOTAL,INPAT,P_HTHAB,T,I,DE,2016,3765.0,
ESTAT:HLTH_CO_DISCH2(1.0),21/11/23 23:00:00,A,TOTAL,INPAT,P_HTHAB,T,I,DE,2017,3734.8,
ESTAT:HLTH_CO_DISCH2(1.0),21/11/23 23:00:00,A,TOTAL,INPAT,P_HTHAB,T,I,DE,2018,3639.8,
ESTAT:HLTH_CO_DISCH2(1.0),21/11/23 23:00:00,A,TOTAL,INPAT,P_HTHAB,T,I,DE,2019,3716.1,
ESTAT:HLTH_CO_DISCH2(1.0),21/11/23 23:00:00,A,TOTAL,INPAT,P_HTHAB,T,I,DE,2020,3280.5,
ESTAT:HLTH_CO_DISCH2(1.0),21/11/23 23:00:00,A,TOTAL,INPAT,P_HTHAB,T,I,DE,2021,3256.8,
ESTAT:HLTH_CO_DISCH2(1.0),21/11/23 23:00:00,A,TOTAL,INPAT,P_HTHAB,T,I,DK,2012,1734.8,
ESTAT:HLTH_CO_DISCH2(1.0),21/11/23 23:00:00,A,TOTAL,INPAT,P_HTHAB,T,I,DK,2013,1663.1,
ESTAT:HLTH_CO_DISCH2(1.0),21/11/23 23:00:00,A,TOTAL,INPAT,P_HTHAB,T,I,DK,2014,1629.3,
ESTAT:HLTH_CO_DISCH2(1.0),21/11/23 23:00:00,A,TOTAL,INPAT,P_HTHAB,T,I,DK,2016,1528.2,
ESTAT:HLTH_CO_DISCH2(1.0),21/11/23 23:00:00,A,TOTAL,INPAT,P_HTHAB,T,I,EE,2012,3287.5,
ESTAT:HLTH_CO_DISCH2(1.0),21/11/23 23:00:00,A,TOTAL,INPAT,P_HTHAB,T,I,EE,2013,3014.2,
ESTAT:HLTH_CO_DISCH2(1.0),21/11/23 23:00:00,A,TOTAL,INPAT,P_HTHAB,T,I,EE,2014,2935.9,
ESTAT:HLTH_CO_DISCH2(1.0),21/11/23 23:00:00,A,TOTAL,INPAT,P_HTHAB,T,I,EE,2017,2706.1,
ESTAT:HLTH_CO_DISCH2(1.0),21/11/23 23:00:00,A,TOTAL,INPAT,P_HTHAB,T,I,EE,2018,2589.5,
ESTAT:HLTH_CO_DISCH2(1.0),21/11/23 23:00:00,A,TOTAL,INPAT,P_HTHAB,T,I,EE,2019,2558.4,
ESTAT:HLTH_CO_DISCH2(1.0),21/11/23 23:00:00,A,TOTAL,INPAT,P_HTHAB,T,I,EE,2020,2314.7,
ESTAT:HLTH_CO_DISCH2(1.0),21/11/23 23:00:00,A,TOTAL,INPAT,P_HTHAB,T,I,EE,2021,2112.7,
ESTAT:HLTH_CO_DISCH2(1.0),21/11/23 23:00:00,A,TOTAL,INPAT,P_HTHAB,T,I,EL,2012,2630.7,
ESTAT:HLTH_CO_DISCH2(1.0),21/11/23 23:00:00,A,TOTAL,INPAT,P_HTHAB,T,I,EL,2013,1833.8,
ESTAT:HLTH_CO_DISCH2(1.0),21/11/23 23:00:00,A,TOTAL,INPAT,P_HTHAB,T,I,EL,2014,1901.2,
ESTAT:HLTH_CO_DISCH2(1.0),21/11/23 23:00:00,A,TOTAL,INPAT,P_HTHAB,T,I,EL,2015,1905.6,
ESTAT:HLTH_CO_DISCH2(1.0),21/11/23 23:00:00,A,TOTAL,INPAT,P_HTHAB,T,I,ES,2012,1282.8,
ESTAT:HLTH_CO_DISCH2(1.0),21/11/23 23:00:00,A,TOTAL,INPAT,P_HTHAB,T,I,ES,2013,1292.2,
ESTAT:HLTH_CO_DISCH2(1.0),21/11/23 23:00:00,A,TOTAL,INPAT,P_HTHAB,T,I,ES,2014,1307.1,
ESTAT:HLTH_CO_DISCH2(1.0),21/11/23 23:00:00,A,TOTAL,INPAT,P_HTHAB,T,I,ES,2015,1280.5,
ESTAT:HLTH_CO_DISCH2(1.0),21/11/23 23:00:00,A,TOTAL,INPAT,P_HTHAB,T,I,ES,2016,1298.3,
ESTAT:HLTH_CO_DISCH2(1.0),21/11/23 23:00:00,A,TOTAL,INPAT,P_HTHAB,T,I,ES,2017,1312.8,
ESTAT:HLTH_CO_DISCH2(1.0),21/11/23 23:00:00,A,TOTAL,INPAT,P_HTHAB,T,I,ES,2018,1307.9,
ESTAT:HLTH_CO_DISCH2(1.0),21/11/23 23:00:00,A,TOTAL,INPAT,P_HTHAB,T,I,ES,2019,1303.3,
ESTAT:HLTH_CO_DISCH2(1.0),21/11/23 23:00:00,A,TOTAL,INPAT,P_HTHAB,T,I,ES,2020,1106.3,
ESTAT:HLTH_CO_DISCH2(1.0),21/11/23 23:00:00,A,TOTAL,INPAT,P_HTHAB,T,I,ES,2021,1228.4,
ESTAT:HLTH_CO_DISCH2(1.0),21/11/23 23:00:00,A,TOTAL,INPAT,P_HTHAB,T,I,FI,2012,2690.1,
ESTAT:HLTH_CO_DISCH2(1.0),21/11/23 23:00:00,A,TOTAL,INPAT,P_HTHAB,T,I,FI,2013,2633.7,
ESTAT:HLTH_CO_DISCH2(1.0),21/11/23 23:00:00,A,TOTAL,INPAT,P_HTHAB,T,I,FI,2014,2647.8,
ESTAT:HLTH_CO_DISCH2(1.0),21/11/23 23:00:00,A,TOTAL,INPAT,P_HTHAB,T,I,FI,2015,2603.7,
ESTAT:HLTH_CO_DISCH2(1.0),21/11/23 23:00:00,A,TOTAL,INPAT,P_HTHAB,T,I,FI,2016,2551.8,
ESTAT:HLTH_CO_DISCH2(1.0),21/11/23 23:00:00,A,TOTAL,INPAT,P_HTHAB,T,I,FI,2017,2510.3,
ESTAT:HLTH_CO_DISCH2(1.0),21/11/23 23:00:00,A,TOTAL,INPAT,P_HTHAB,T,I,FI,2018,2425.2,
ESTAT:HLTH_CO_DISCH2(1.0),21/11/23 23:00:00,A,TOTAL,INPAT,P_HTHAB,T,I,FI,2020,2152.7,
ESTAT:HLTH_CO_DISCH2(1.0),21/11/23 23:00:00,A,TOTAL,INPAT,P_HTHAB,T,I,FI,2021,2109.4,
ESTAT:HLTH_CO_DISCH2(1.0),21/11/23 23:00:00,A,TOTAL,INPAT,P_HTHAB,T,I,FR,2012,1901.6,
ESTAT:HLTH_CO_DISCH2(1.0),21/11/23 23:00:00,A,TOTAL,INPAT,P_HTHAB,T,I,FR,2013,1919.5,
ESTAT:HLTH_CO_DISCH2(1.0),21/11/23 23:00:00,A,TOTAL,INPAT,P_HTHAB,T,I,FR,2014,1898.3,
ESTAT:HLTH_CO_DISCH2(1.0),21/11/23 23:00:00,A,TOTAL,INPAT,P_HTHAB,T,I,FR,2015,1908.5,
ESTAT:HLTH_CO_DISCH2(1.0),21/11/23 23:00:00,A,TOTAL,INPAT,P_HTHAB,T,I,FR,2016,1951.3,
ESTAT:HLTH_CO_DISCH2(1.0),21/11/23 23:00:00,A,TOTAL,INPAT,P_HTHAB,T,I,FR,2017,1973.8,
ESTAT:HLTH_CO_DISCH2(1.0),21/11/23 23:00:00,A,TOTAL,INPAT,P_HTHAB,T,I,FR,2018,1997.0,
ESTAT:HLTH_CO_DISCH2(1.0),21/11/23 23:00:00,A,TOTAL,INPAT,P_HTHAB,T,I,FR,2019,2015.1,
ESTAT:HLTH_CO_DISCH2(1.0),21/11/23 23:00:00,A,TOTAL,INPAT,P_HTHAB,T,I,FR,2020,1796.9,
ESTAT:HLTH_CO_DISCH2(1.0),21/11/23 23:00:00,A,TOTAL,INPAT,P_HTHAB,T,I,FR,2021,1856.5,
ESTAT:HLTH_CO_DISCH2(1.0),21/11/23 23:00:00,A,TOTAL,INPAT,P_HTHAB,T,I,HR,2012,1837.7,
ESTAT:HLTH_CO_DISCH2(1.0),21/11/23 23:00:00,A,TOTAL,INPAT,P_HTHAB,T,I,HR,2013,1940.7,
ESTAT:HLTH_CO_DISCH2(1.0),21/11/23 23:00:00,A,TOTAL,INPAT,P_HTHAB,T,I,HR,2014,2004.9,
ESTAT:HLTH_CO_DISCH2(1.0),21/11/23 23:00:00,A,TOTAL,INPAT,P_HTHAB,T,I,HR,2015,2092.6,
ESTAT:HLTH_CO_DISCH2(1.0),21/11/23 23:00:00,A,TOTAL,INPAT,P_HTHAB,T,I,HR,2016,2107.2,
ESTAT:HLTH_CO_DISCH2(1.0),21/11/23 23:00:00,A,TOTAL,INPAT,P_HTHAB,T,I,HR,2017,2090.9,
ESTAT:HLTH_CO_DISCH2(1.0),21/11/23 23:00:00,A,TOTAL,INPAT,P_HTHAB,T,I,HR,2018,2079.7,
ESTAT:HLTH_CO_DISCH2(1.0),21/11/23 23:00:00,A,TOTAL,INPAT,P_HTHAB,T,I,HR,2019,2038.8,
ESTAT:HLTH_CO_DISCH2(1.0),21/11/23 23:00:00,A,TOTAL,INPAT,P_HTHAB,T,I,HR,2020,1668.8,
ESTAT:HLTH_CO_DISCH2(1.0),21/11/23 23:00:00,A,TOTAL,INPAT,P_HTHAB,T,I,HR,2021,1787.7,
ESTAT:HLTH_CO_DISCH2(1.0),21/11/23 23:00:00,A,TOTAL,INPAT,P_HTHAB,T,I,HU,2012,3516.3,
ESTAT:HLTH_CO_DISCH2(1.0),21/11/23 23:00:00,A,TOTAL,INPAT,P_HTHAB,T,I,HU,2013,3514.1,
ESTAT:HLTH_CO_DISCH2(1.0),21/11/23 23:00:00,A,TOTAL,INPAT,P_HTHAB,T,I,HU,2014,3494.7,
ESTAT:HLTH_CO_DISCH2(1.0),21/11/23 23:00:00,A,TOTAL,INPAT,P_HTHAB,T,I,HU,2015,3352.9,
ESTAT:HLTH_CO_DISCH2(1.0),21/11/23 23:00:00,A,TOTAL,INPAT,P_HTHAB,T,I,HU,2016,3268.0,
ESTAT:HLTH_CO_DISCH2(1.0),21/11/23 23:00:00,A,TOTAL,INPAT,P_HTHAB,T,I,HU,2017,3156.6,
ESTAT:HLTH_CO_DISCH2(1.0),21/11/23 23:00:00,A,TOTAL,INPAT,P_HTHAB,T,I,HU,2018,3112.6,
ESTAT:HLTH_CO_DISCH2(1.0),21/11/23 23:00:00,A,TOTAL,INPAT,P_HTHAB,T,I,HU,2019,3051.1,
ESTAT:HLTH_CO_DISCH2(1.0),21/11/23 23:00:00,A,TOTAL,INPAT,P_HTHAB,T,I,HU,2020,2172.8,
ESTAT:HLTH_CO_DISCH2(1.0),21/11/23 23:00:00,A,TOTAL,INPAT,P_HTHAB,T,I,HU,2021,1718.5,
ESTAT:HLTH_CO_DISCH2(1.0),21/11/23 23:00:00,A,TOTAL,INPAT,P_HTHAB,T,I,IE,2012,1147.4,
ESTAT:HLTH_CO_DISCH2(1.0),21/11/23 23:00:00,A,TOTAL,INPAT,P_HTHAB,T,I,IE,2013,1132.7,
ESTAT:HLTH_CO_DISCH2(1.0),21/11/23 23:00:00,A,TOTAL,INPAT,P_HTHAB,T,I,IE,2014,1160.7,
ESTAT:HLTH_CO_DISCH2(1.0),21/11/23 23:00:00,A,TOTAL,INPAT,P_HTHAB,T,I,IE,2015,1161.0,
ESTAT:HLTH_CO_DISCH2(1.0),21/11/23 23:00:00,A,TOTAL,INPAT,P_HTHAB,T,I,IE,2016,1147.5,
ESTAT:HLTH_CO_DISCH2(1.0),21/11/23 23:00:00,A,TOTAL,INPAT,P_HTHAB,T,I,IE,2017,1160.0,
ESTAT:HLTH_CO_DISCH2(1.0),21/11/23 23:00:00,A,TOTAL,INPAT,P_HTHAB,T,I,IE,2018,1155.1,
ESTAT:HLTH_CO_DISCH2(1.0),21/11/23 23:00:00,A,TOTAL,INPAT,P_HTHAB,T,I,IE,2019,1141.6,
ESTAT:HLTH_CO_DISCH2(1.0),21/11/23 23:00:00,A,TOTAL,INPAT,P_HTHAB,T,I,IE,2020,1051.6,
ESTAT:HLTH_CO_DISCH2(1.0),21/11/23 23:00:00,A,TOTAL,INPAT,P_HTHAB,T,I,IE,2021,1089.3,
ESTAT:HLTH_CO_DISCH2(1.0),21/11/23 23:00:00,A,TOTAL,INPAT,P_HTHAB,T,I,IS,2014,1108.2,
ESTAT:HLTH_CO_DISCH2(1.0),21/11/23 23:00:00,A,TOTAL,INPAT,P_HTHAB,T,I,IS,2015,1063.7,
ESTAT:HLTH_CO_DISCH2(1.0),21/11/23 23:00:00,A,TOTAL,INPAT,P_HTHAB,T,I,IS,2016,1026.1,
ESTAT:HLTH_CO_DISCH2(1.0),21/11/23 23:00:00,A,TOTAL,INPAT,P_HTHAB,T,I,IS,2017,979.0,
ESTAT:HLTH_CO_DISCH2(1.0),21/11/23 23:00:00,A,TOTAL,INPAT,P_HTHAB,T,I,IS,2019,987.1,
ESTAT:HLTH_CO_DISCH2(1.0),21/11/23 23:00:00,A,TOTAL,INPAT,P_HTHAB,T,I,IT,2012,2029.0,
ESTAT:HLTH_CO_DISCH2(1.0),21/11/23 23:00:00,A,TOTAL,INPAT,P_HTHAB,T,I,IT,2013,1956.6,
ESTAT:HLTH_CO_DISCH2(1.0),21/11/23 23:00:00,A,TOTAL,INPAT,P_HTHAB,T,I,IT,2014,1904.8,
ESTAT:HLTH_CO_DISCH2(1.0),21/11/23 23:00:00,A,TOTAL,INPAT,P_HTHAB,T,I,IT,2015,1879.4,
ESTAT:HLTH_CO_DISCH2(1.0),21/11/23 23:00:00,A,TOTAL,INPAT,P_HTHAB,T,I,IT,2016,1856.6,
ESTAT:HLTH_CO_DISCH2(1.0),21/11/23 23:00:00,A,TOTAL,INPAT,P_HTHAB,T,I,IT,2017,1824.4,
ESTAT:HLTH_CO_DISCH2(1.0),21/11/23 23:00:00,A,TOTAL,INPAT,P_HTHAB,T,I,IT,2018,1788.9,
ESTAT:HLTH_CO_DISCH2(1.0),21/11/23 23:00:00,A,TOTAL,INPAT,P_HTHAB,T,I,IT,2019,1763.7,
ESTAT:HLTH_CO_DISCH2(1.0),21/11/23 23:00:00,A,TOTAL,INPAT,P_HTHAB,T,I,IT,2020,1388.6,
ESTAT:HLTH_CO_DISCH2(1.0),21/11/23 23:00:00,A,TOTAL,INPAT,P_HTHAB,T,I,IT,2021,1511.3,
ESTAT:HLTH_CO_DISCH2(1.0),21/11/23 23:00:00,A,TOTAL,INPAT,P_HTHAB,T,I,LI,2015,738.8,
ESTAT:HLTH_CO_DISCH2(1.0),21/11/23 23:00:00,A,TOTAL,INPAT,P_HTHAB,T,I,LI,2016,731.8,
ESTAT:HLTH_CO_DISCH2(1.0),21/11/23 23:00:00,A,TOTAL,INPAT,P_HTHAB,T,I,LI,2017,434.6,
ESTAT:HLTH_CO_DISCH2(1.0),21/11/23 23:00:00,A,TOTAL,INPAT,P_HTHAB,T,I,LI,2018,345.1,
ESTAT:HLTH_CO_DISCH2(1.0),21/11/23 23:00:00,A,TOTAL,INPAT,P_HTHAB,T,I,LI,2019,484.9,
ESTAT:HLTH_CO_DISCH2(1.0),21/11/23 23:00:00,A,TOTAL,INPAT,P_HTHAB,T,I,LI,2020,457.6,
ESTAT:HLTH_CO_DISCH2(1.0),21/11/23 23:00:00,A,TOTAL,INPAT,P_HTHAB,T,I,LI,2021,487.5,
ESTAT:HLTH_CO_DISCH2(1.0),21/11/23 23:00:00,A,TOTAL,INPAT,P_HTHAB,T,I,LT,2012,4794.7,
ESTAT:HLTH_CO_DISCH2(1.0),21/11/23 23:00:00,A,TOTAL,INPAT,P_HTHAB,T,I,LT,2013,4420.3,
ESTAT:HLTH_CO_DISCH2(1.0),21/11/23 23:00:00,A,TOTAL,INPAT,P_HTHAB,T,I,LT,2014,4387.3,
ESTAT:HLTH_CO_DISCH2(1.0),21/11/23 23:00:00,A,TOTAL,INPAT,P_HTHAB,T,I,LT,2015,4339.1,
ESTAT:HLTH_CO_DISCH2(1.0),21/11/23 23:00:00,A,TOTAL,INPAT,P_HTHAB,T,I,LT,2016,4193.1,
ESTAT:HLTH_CO_DISCH2(1.0),21/11/23 23:00:00,A,TOTAL,INPAT,P_HTHAB,T,I,LT,2017,4283.3,
ESTAT:HLTH_CO_DISCH2(1.0),21/11/23 23:00:00,A,TOTAL,INPAT,P_HTHAB,T,I,LT,2018,4226.1,
ESTAT:HLTH_CO_DISCH2(1.0),21/11/23 23:00:00,A,TOTAL,INPAT,P_HTHAB,T,I,LT,2019,4166.9,
ESTAT:HLTH_CO_DISCH2(1.0),21/11/23 23:00:00,A,TOTAL,INPAT,P_HTHAB,T,I,LT,2020,2864.3,
ESTAT:HLTH_CO_DISCH2(1.0),21/11/23 23:00:00,A,TOTAL,INPAT,P_HTHAB,T,I,LT,2021,2632.2,
ESTAT:HLTH_CO_DISCH2(1.0),21/11/23 23:00:00,A,TOTAL,INPAT,P_HTHAB,T,I,LU,2012,1844.8,
ESTAT:HLTH_CO_DISCH2(1.0),21/11/23 23:00:00,A,TOTAL,INPAT,P_HTHAB,T,I,LU,2013,1759.2,
ESTAT:HLTH_CO_DISCH2(1.0),21/11/23 23:00:00,A,TOTAL,INPAT,P_HTHAB,T,I,LU,2014,1727.6,
ESTAT:HLTH_CO_DISCH2(1.0),21/11/23 23:00:00,A,TOTAL,INPAT,P_HTHAB,T,I,LU,2015,1556.9,
ESTAT:HLTH_CO_DISCH2(1.0),21/11/23 23:00:00,A,TOTAL,INPAT,P_HTHAB,T,I,LU,2016,1462.8,
ESTAT:HLTH_CO_DISCH2(1.0),21/11/23 23:00:00,A,TOTAL,INPAT,P_HTHAB,T,I,LV,2012,3146.6,
ESTAT:HLTH_CO_DISCH2(1.0),21/11/23 23:00:00,A,TOTAL,INPAT,P_HTHAB,T,I,LV,2013,3090.9,
ESTAT:HLTH_CO_DISCH2(1.0),21/11/23 23:00:00,A,TOTAL,INPAT,P_HTHAB,T,I,LV,2014,3068.0,
ESTAT:HLTH_CO_DISCH2(1.0),21/11/23 23:00:00,A,TOTAL,INPAT,P_HTHAB,T,I,LV,2015,3126.9,
ESTAT:HLTH_CO_DISCH2(1.0),21/11/23 23:00:00,A,TOTAL,INPAT,P_HTHAB,T,I,LV,2016,3193.2,
ESTAT:HLTH_CO_DISCH2(1.0),21/11/23 23:00:00,A,TOTAL,INPAT,P_HTHAB,T,I,LV,2017,3119.7,
ESTAT:HLTH_CO_DISCH2(1.0),21/11/23 23:00:00,A,TOTAL,INPAT,P_HTHAB,T,I,LV,2018,3198.9,
ESTAT:HLTH_CO_DISCH2(1.0),21/11/23 23:00:00,A,TOTAL,INPAT,P_HTHAB,T,I,LV,2019,3204.3,
ESTAT:HLTH_CO_DISCH2(1.0),21/11/23 23:00:00,A,TOTAL,INPAT,P_HTHAB,T,I,LV,2020,2864.3,
ESTAT:HLTH_CO_DISCH2(1.0),21/11/23 23:00:00,A,TOTAL,INPAT,P_HTHAB,T,I,LV,2021,2647.9,
ESTAT:HLTH_CO_DISCH2(1.0),21/11/23 23:00:00,A,TOTAL,INPAT,P_HTHAB,T,I,ME,2015,1727.9,
ESTAT:HLTH_CO_DISCH2(1.0),21/11/23 23:00:00,A,TOTAL,INPAT,P_HTHAB,T,I,ME,2016,1684.7,
ESTAT:HLTH_CO_DISCH2(1.0),21/11/23 23:00:00,A,TOTAL,INPAT,P_HTHAB,T,I,ME,2017,1710.4,
ESTAT:HLTH_CO_DISCH2(1.0),21/11/23 23:00:00,A,TOTAL,INPAT,P_HTHAB,T,I,ME,2018,1739.9,
ESTAT:HLTH_CO_DISCH2(1.0),21/11/23 23:00:00,A,TOTAL,INPAT,P_HTHAB,T,I,ME,2019,1661.8,
ESTAT:HLTH_CO_DISCH2(1.0),21/11/23 23:00:00,A,TOTAL,INPAT,P_HTHAB,T,I,ME,2020,1130.2,
ESTAT:HLTH_CO_DISCH2(1.0),21/11/23 23:00:00,A,TOTAL,INPAT,P_HTHAB,T,I,ME,2021,1275.7,
ESTAT:HLTH_CO_DISCH2(1.0),21/11/23 23:00:00,A,TOTAL,INPAT,P_HTHAB,T,I,MT,2012,1541.3,
ESTAT:HLTH_CO_DISCH2(1.0),21/11/23 23:00:00,A,TOTAL,INPAT,P_HTHAB,T,I,MT,2013,1524.2,
ESTAT:HLTH_CO_DISCH2(1.0),21/11/23 23:00:00,A,TOTAL,INPAT,P_HTHAB,T,I,MT,2014,1530.3,
ESTAT:HLTH_CO_DISCH2(1.0),21/11/23 23:00:00,A,TOTAL,INPAT,P_HTHAB,T,I,MT,2015,1566.7,
ESTAT:HLTH_CO_DISCH2(1.0),21/11/23 23:00:00,A,TOTAL,INPAT,P_HTHAB,T,I,MT,2016,1445.5,
ESTAT:HLTH_CO_DISCH2(1.0),21/11/23 23:00:00,A,TOTAL,INPAT,P_HTHAB,T,I,MT,2017,1574.4,
ESTAT:HLTH_CO_DISCH2(1.0),21/11/23 23:00:00,A,TOTAL,INPAT,P_HTHAB,T,I,MT,2018,1449.1,
ESTAT:HLTH_CO_DISCH2(1.0),21/11/23 23:00:00,A,TOTAL,INPAT,P_HTHAB,T,I,MT,2019,1367.3,
ESTAT:HLTH_CO_DISCH2(1.0),21/11/23 23:00:00,A,TOTAL,INPAT,P_HTHAB,T,I,MT,2020,1090.9,
ESTAT:HLTH_CO_DISCH2(1.0),21/11/23 23:00:00,A,TOTAL,INPAT,P_HTHAB,T,I,NL,2012,1638.2,
ESTAT:HLTH_CO_DISCH2(1.0),21/11/23 23:00:00,A,TOTAL,INPAT,P_HTHAB,T,I,NL,2013,1363.3,
ESTAT:HLTH_CO_DISCH2(1.0),21/11/23 23:00:00,A,TOTAL,INPAT,P_HTHAB,T,I,NL,2014,1385.2,
ESTAT:HLTH_CO_DISCH2(1.0),21/11/23 23:00:00,A,TOTAL,INPAT,P_HTHAB,T,I,NL,2015,1385.6,
ESTAT:HLTH_CO_DISCH2(1.0),21/11/23 23:00:00,A,TOTAL,INPAT,P_HTHAB,T,I,NL,2016,1379.8,
ESTAT:HLTH_CO_DISCH2(1.0),21/11/23 23:00:00,A,TOTAL,INPAT,P_HTHAB,T,I,NL,2017,1347.9,
ESTAT:HLTH_CO_DISCH2(1.0),21/11/23 23:00:00,A,TOTAL,INPAT,P_HTHAB,T,I,NL,2018,1289.5,
ESTAT:HLTH_CO_DISCH2(1.0),21/11/23 23:00:00,A,TOTAL,INPAT,P_HTHAB,T,I,NL,2019,1283.4,
ESTAT:HLTH_CO_DISCH2(1.0),21/11/23 23:00:00,A,TOTAL,INPAT,P_HTHAB,T,I,NL,2020,1169.5,
ESTAT:HLTH_CO_DISCH2(1.0),21/11/23 23:00:00,A,TOTAL,INPAT,P_HTHAB,T,I,NL,2021,1172.1,
ESTAT:HLTH_CO_DISCH2(1.0),21/11/23 23:00:00,A,TOTAL,INPAT,P_HTHAB,T,I,NO,2012,2115.1,
ESTAT:HLTH_CO_DISCH2(1.0),21/11/23 23:00:00,A,TOTAL,INPAT,P_HTHAB,T,I,NO,2013,2051.2,b
ESTAT:HLTH_CO_DISCH2(1.0),21/11/23 23:00:00,A,TOTAL,INPAT,P_HTHAB,T,I,NO,2014,2013.3,
ESTAT:HLTH_CO_DISCH2(1.0),21/11/23 23:00:00,A,TOTAL,INPAT,P_HTHAB,T,I,NO,2015,1992.5,
ESTAT:HLTH_CO_DISCH2(1.0),21/11/23 23:00:00,A,TOTAL,INPAT,P_HTHAB,T,I,NO,2016,2734.3,
ESTAT:HLTH_CO_DISCH2(1.0),21/11/23 23:00:00,A,TOTAL,INPAT,P_HTHAB,T,I,NO,2017,2731.6,
ESTAT:HLTH_CO_DISCH2(1.0),21/11/23 23:00:00,A,TOTAL,INPAT,P_HTHAB,T,I,NO,2018,1946.6,
ESTAT:HLTH_CO_DISCH2(1.0),21/11/23 23:00:00,A,TOTAL,INPAT,P_HTHAB,T,I,NO,2019,1968.7,
ESTAT:HLTH_CO_DISCH2(1.0),21/11/23 23:00:00,A,TOTAL,INPAT,P_HTHAB,T,I,NO,2020,1816.6,
ESTAT:HLTH_CO_DISCH2(1.0),21/11/23 23:00:00,A,TOTAL,INPAT,P_HTHAB,T,I,NO,2021,1876.8,
ESTAT:HLTH_CO_DISCH2(1.0),21/11/23 23:00:00,A,TOTAL,INPAT,P_HTHAB,T,I,PL,2012,2627.3,
ESTAT:HLTH_CO_DISCH2(1.0),21/11/23 23:00:00,A,TOTAL,INPAT,P_HTHAB,T,I,PL,2013,2661.5,
ESTAT:HLTH_CO_DISCH2(1.0),21/11/23 23:00:00,A,TOTAL,INPAT,P_HTHAB,T,I,PL,2014,2760.9,
ESTAT:HLTH_CO_DISCH2(1.0),21/11/23 23:00:00,A,TOTAL,INPAT,P_HTHAB,T,I,PL,2015,2682.2,
ESTAT:HLTH_CO_DISCH2(1.0),21/11/23 23:00:00,A,TOTAL,INPAT,P_HTHAB,T,I,PL,2016,2788.5,
ESTAT:HLTH_CO_DISCH2(1.0),21/11/23 23:00:00,A,TOTAL,INPAT,P_HTHAB,T,I,PL,2017,2784.6,
ESTAT:HLTH_CO_DISCH2(1.0),21/11/23 23:00:00,A,TOTAL,INPAT,P_HTHAB,T,I,PL,2018,2637.9,
ESTAT:HLTH_CO_DISCH2(1.0),21/11/23 23:00:00,A,TOTAL,INPAT,P_HTHAB,T,I,PL,2019,2568.1,
ESTAT:HLTH_CO_DISCH2(1.0),21/11/23 23:00:00,A,TOTAL,INPAT,P_HTHAB,T,I,PL,2020,1880.0,
ESTAT:HLTH_CO_DISCH2(1.0),21/11/23 23:00:00,A,TOTAL,INPAT,P_HTHAB,T,I,PL,2021,2058.2,
ESTAT:HLTH_CO_DISCH2(1.0),21/11/23 23:00:00,A,TOTAL,INPAT,P_HTHAB,T,I,PT,2012,1103.2,
ESTAT:HLTH_CO_DISCH2(1.0),21/11/23 23:00:00,A,TOTAL,INPAT,P_HTHAB,T,I,PT,2013,1121.4,
ESTAT:HLTH_CO_DISCH2(1.0),21/11/23 23:00:00,A,TOTAL,INPAT,P_HTHAB,T,I,PT,2014,1102.2,
ESTAT:HLTH_CO_DISCH2(1.0),21/11/23 23:00:00,A,TOTAL,INPAT,P_HTHAB,T,I,PT,2015,1112.4,
ESTAT:HLTH_CO_DISCH2(1.0),21/11/23 23:00:00,A,TOTAL,INPAT,P_HTHAB,T,I,PT,2018,1092.3,
ESTAT:HLTH_CO_DISCH2(1.0),21/11/23 23:00:00,A,TOTAL,INPAT,P_HTHAB,T,I,PT,2019,1174.6,
ESTAT:HLTH_CO_DISCH2(1.0),21/11/23 23:00:00,A,TOTAL,INPAT,P_HTHAB,T,I,PT,2020,991.5,
ESTAT:HLTH_CO_DISCH2(1.0),21/11/23 23:00:00,A,TOTAL,INPAT,P_HTHAB,T,I,PT,2021,1060.7,
ESTAT:HLTH_CO_DISCH2(1.0),21/11/23 23:00:00,A,TOTAL,INPAT,P_HTHAB,T,I,RO,2012,3026.8,
ESTAT:HLTH_CO_DISCH2(1.0),21/11/23 23:00:00,A,TOTAL,INPAT,P_HTHAB,T,I,RO,2013,3049.5,
ESTAT:HLTH_CO_DISCH2(1.0),21/11/23 23:00:00,A,TOTAL,INPAT,P_HTHAB,T,I,RO,2014,2943.4,
ESTAT:HLTH_CO_DISCH2(1.0),21/11/23 23:00:00,A,TOTAL,INPAT,P_HTHAB,T,I,RO,2015,2895.0,
ESTAT:HLTH_CO_DISCH2(1.0),21/11/23 23:00:00,A,TOTAL,INPAT,P_HTHAB,T,I,RO,2016,2872.9,
ESTAT:HLTH_CO_DISCH2(1.0),21/11/23 23:00:00,A,TOTAL,INPAT,P_HTHAB,T,I,RO,2017,2870.1,
ESTAT:HLTH_CO_DISCH2(1.0),21/11/23 23:00:00,A,TOTAL,INPAT,P_HTHAB,T,I,RO,2018,2924.3,
ESTAT:HLTH_CO_DISCH2(1.0),21/11/23 23:00:00,A,TOTAL,INPAT,P_HTHAB,T,I,RO,2019,2935.6,
ESTAT:HLTH_CO_DISCH2(1.0),21/11/23 23:00:00,A,TOTAL,INPAT,P_HTHAB,T,I,RO,2020,1588.5,
ESTAT:HLTH_CO_DISCH2(1.0),21/11/23 23:00:00,A,TOTAL,INPAT,P_HTHAB,T,I,RO,2021,1585.8,
ESTAT:HLTH_CO_DISCH2(1.0),21/11/23 23:00:00,A,TOTAL,INPAT,P_HTHAB,T,I,RS,2014,1997.2,
ESTAT:HLTH_CO_DISCH2(1.0),21/11/23 23:00:00,A,TOTAL,INPAT,P_HTHAB,T,I,RS,2016,1998.3,
ESTAT:HLTH_CO_DISCH2(1.0),21/11/23 23:00:00,A,TOTAL,INPAT,P_HTHAB,T,I,RS,2017,1964.3,
ESTAT:HLTH_CO_DISCH2(1.0),21/11/23 23:00:00,A,TOTAL,INPAT,P_HTHAB,T,I,RS,2019,2036.1,
ESTAT:HLTH_CO_DISCH2(1.0),21/11/23 23:00:00,A,TOTAL,INPAT,P_HTHAB,T,I,RS,2020,1331.3,
ESTAT:HLTH_CO_DISCH2(1.0),21/11/23 23:00:00,A,TOTAL,INPAT,P_HTHAB,T,I,RS,2021,1425.7,
ESTAT:HLTH_CO_DISCH2(1.0),21/11/23 23:00:00,A,TOTAL,INPAT,P_HTHAB,T,I,SE,2013,2121.9,
ESTAT:HLTH_CO_DISCH2(1.0),21/11/23 23:00:00,A,TOTAL,INPAT,P_HTHAB,T,I,SE,2014,2052.8,
ESTAT:HLTH_CO_DISCH2(1.0),21/11/23 23:00:00,A,TOTAL,INPAT,P_HTHAB,T,I,SE,2015,1952.0,
ESTAT:HLTH_CO_DISCH2(1.0),21/11/23 23:00:00,A,TOTAL,INPAT,P_HTHAB,T,I,SE,2016,1848.5,
ESTAT:HLTH_CO_DISCH2(1.0),21/11/23 23:00:00,A,TOTAL,INPAT,P_HTHAB,T,I,SE,2017,1785.1,
ESTAT:HLTH_CO_DISCH2(1.0),21/11/23 23:00:00,A,TOTAL,INPAT,P_HTHAB,T,I,SE,2018,1732.7,
ESTAT:HLTH_CO_DISCH2(1.0),21/11/23 23:00:00,A,TOTAL,INPAT,P_HTHAB,T,I,SE,2019,1707.6,
ESTAT:HLTH_CO_DISCH2(1.0),21/11/23 23:00:00,A,TOTAL,INPAT,P_HTHAB,T,I,SE,2020,1562.0,
ESTAT:HLTH_CO_DISCH2(1.0),21/11/23 23:00:00,A,TOTAL,INPAT,P_HTHAB,T,I,SE,2021,1607.2,
ESTAT:HLTH_CO_DISCH2(1.0),21/11/23 23:00:00,A,TOTAL,INPAT,P_HTHAB,T,I,SI,2012,2101.4,
ESTAT:HLTH_CO_DISCH2(1.0),21/11/23 23:00:00,A,TOTAL,INPAT,P_HTHAB,T,I,SI,2013,2008.4,
ESTAT:HLTH_CO_DISCH2(1.0),21/11/23 23:00:00,A,TOTAL,INPAT,P_HTHAB,T,I,SI,2014,2086.0,
ESTAT:HLTH_CO_DISCH2(1.0),21/11/23 23:00:00,A,TOTAL,INPAT,P_HTHAB,T,I,SI,2015,2112.6,
ESTAT:HLTH_CO_DISCH2(1.0),21/11/23 23:00:00,A,TOTAL,INPAT,P_HTHAB,T,I,SI,2016,2096.2,
ESTAT:HLTH_CO_DISCH2(1.0),21/11/23 23:00:00,A,TOTAL,INPAT,P_HTHAB,T,I,SI,2017,2009.8,
ESTAT:HLTH_CO_DISCH2(1.0),21/11/23 23:00:00,A,TOTAL,INPAT,P_HTHAB,T,I,SI,2018,1995.6,
ESTAT:HLTH_CO_DISCH2(1.0),21/11/23 23:00:00,A,TOTAL,INPAT,P_HTHAB,T,I,SI,2019,1968.8,
ESTAT:HLTH_CO_DISCH2(1.0),21/11/23 23:00:00,A,TOTAL,INPAT,P_HTHAB,T,I,SI,2020,1639.9,
ESTAT:HLTH_CO_DISCH2(1.0),21/11/23 23:00:00,A,TOTAL,INPAT,P_HTHAB,T,I,SI,2021,1680.5,
ESTAT:HLTH_CO_DISCH2(1.0),21/11/23 23:00:00,A,TOTAL,INPAT,P_HTHAB,T,I,SK,2012,2945.7,
ESTAT:HLTH_CO_DISCH2(1.0),21/11/23 23:00:00,A,TOTAL,INPAT,P_HTHAB,T,I,SK,2014,2947.8,
ESTAT:HLTH_CO_DISCH2(1.0),21/11/23 23:00:00,A,TOTAL,INPAT,P_HTHAB,T,I,SK,2015,2904.5,
ESTAT:HLTH_CO_DISCH2(1.0),21/11/23 23:00:00,A,TOTAL,INPAT,P_HTHAB,T,I,SK,2016,2845.8,
ESTAT:HLTH_CO_DISCH2(1.0),21/11/23 23:00:00,A,TOTAL,INPAT,P_HTHAB,T,I,SK,2017,2791.1,
ESTAT:HLTH_CO_DISCH2(1.0),21/11/23 23:00:00,A,TOTAL,INPAT,P_HTHAB,T,I,SK,2018,2683.0,
ESTAT:HLTH_CO_DISCH2(1.0),21/11/23 23:00:00,A,TOTAL,INPAT,P_HTHAB,T,I,SK,2019,2625.8,
ESTAT:HLTH_CO_DISCH2(1.0),21/11/23 23:00:00,A,TOTAL,INPAT,P_HTHAB,T,I,SK,2020,2209.9,
ESTAT:HLTH_CO_DISCH2(1.0),21/11/23 23:00:00,A,TOTAL,INPAT,P_HTHAB,T,I,SK,2021,2006.9,
ESTAT:HLTH_CO_DISCH2(1.0),21/11/23 23:00:00,A,TOTAL,INPAT,P_HTHAB,T,I,TR,2014,1380.3,
ESTAT:HLTH_CO_DISCH2(1.0),21/11/23 23:00:00,A,TOTAL,INPAT,P_HTHAB,T,I,TR,2015,1428.5,
ESTAT:HLTH_CO_DISCH2(1.0),21/11/23 23:00:00,A,TOTAL,INPAT,P_HTHAB,T,I,TR,2016,1358.6,
ESTAT:HLTH_CO_DISCH2(1.0),21/11/23 23:00:00,A,TOTAL,INPAT,P_HTHAB,T,I,UK,2012,1229.0,
ESTAT:HLTH_CO_DISCH2(1.0),21/11/23 23:00:00,A,TOTAL,INPAT,P_HTHAB,T,I,UK,2013,1224.5,
ESTAT:HLTH_CO_DISCH2(1.0),21/11/23 23:00:00,A,TOTAL,INPAT,P_HTHAB,T,I,UK,2014,1206.6,
ESTAT:HLTH_CO_DISCH2(1.0),21/11/23 23:00:00,A,TOTAL,INPAT,P_HTHAB,T,I,UK,2015,1205.9,
ESTAT:HLTH_CO_DISCH2(1.0),21/11/23 23:00:00,A,TOTAL,INPAT,P_HTHAB,T,I,UK,2016,1178.0,
