DATAFLOW,LAST UPDATE,freq,unit,geo,TIME_PERIOD,OBS_VALUE,OBS_FLAG
ESTAT:HLTH_HC_PHYS2(1.0),12/07/23 11:00:00,Annual,Number per inhabitant,Austria,1960,4.30,d
ESTAT:HLTH_HC_PHYS2(1.0),12/07/23 11:00:00,Annual,Number per inhabitant,Austria,1961,4.50,d
ESTAT:HLTH_HC_PHYS2(1.0),12/07/23 11:00:00,Annual,Number per inhabitant,Austria,1962,4.40,d
ESTAT:HLTH_HC_PHYS2(1.0),12/07/23 11:00:00,Annual,Number per inhabitant,Austria,1963,4.70,d
ESTAT:HLTH_HC_PHYS2(1.0),12/07/23 11:00:00,Annual,Number per inhabitant,Austria,1964,4.80,d
ESTAT:HLTH_HC_PHYS2(1.0),12/07/23 11:00:00,Annual,Number per inhabitant,Austria,1965,4.90,d
ESTAT:HLTH_HC_PHYS2(1.0),12/07/23 11:00:00,Annual,Number per inhabitant,Austria,1966,4.90,d
ESTAT:HLTH_HC_PHYS2(1.0),12/07/23 11:00:00,Annual,Number per inhabitant,Austria,1967,5.00,d
ESTAT:HLTH_HC_PHYS2(1.0),12/07/23 11:00:00,Annual,Number per inhabitant,Austria,1968,5.00,d
ESTAT:HLTH_HC_PHYS2(1.0),12/07/23 11:00:00,Annual,Number per inhabitant,Austria,1969,5.20,d
ESTAT:HLTH_HC_PHYS2(1.0),12/07/23 11:00:00,Annual,Number per inhabitant,Austria,1970,5.20,d
ESTAT:HLTH_HC_PHYS2(1.0),12/07/23 11:00:00,Annual,Number per inhabitant,Austria,1971,5.20,d
ESTAT:HLTH_HC_PHYS2(1.0),12/07/23 11:00:00,Annual,Number per inhabitant,Austria,1972,5.20,d
ESTAT:HLTH_HC_PHYS2(1.0),12/07/23 11:00:00,Annual,Number per inhabitant,Austria,1973,5.10,d
ESTAT:HLTH_HC_PHYS2(1.0),12/07/23 11:00:00,Annual,Number per inhabitant,Austria,1974,5.20,d
ESTAT:HLTH_HC_PHYS2(1.0),12/07/23 11:00:00,Annual,Number per inhabitant,Austria,1975,5.30,d
ESTAT:HLTH_HC_PHYS2(1.0),12/07/23 11:00:00,Annual,Number per inhabitant,Austria,1976,5.40,d
ESTAT:HLTH_HC_PHYS2(1.0),12/07/23 11:00:00,Annual,Number per inhabitant,Austria,1977,5.30,d
ESTAT:HLTH_HC_PHYS2(1.0),12/07/23 11:00:00,Annual,Number per inhabitant,Austria,1978,5.30,d
ESTAT:HLTH_HC_PHYS2(1.0),12/07/23 11:00:00,Annual,Number per inhabitant,Austria,1979,5.30,d
ESTAT:HLTH_HC_PHYS2(1.0),12/07/23 11:00:00,Annual,Number per inhabitant,Austria,1980,5.40,d
ESTAT:HLTH_HC_PHYS2(1.0),12/07/23 11:00:00,Annual,Number per inhabitant,Austria,1981,5.40,d
ESTAT:HLTH_HC_PHYS2(1.0),12/07/23 11:00:00,Annual,Number per inhabitant,Austria,1982,5.30,d
ESTAT:HLTH_HC_PHYS2(1.0),12/07/23 11:00:00,Annual,Number per inhabitant,Austria,1983,5.40,d
ESTAT:HLTH_HC_PHYS2(1.0),12/07/23 11:00:00,Annual,Number per inhabitant,Austria,1984,5.40,d
ESTAT:HLTH_HC_PHYS2(1.0),12/07/23 11:00:00,Annual,Number per inhabitant,Austria,1985,5.50,d
ESTAT:HLTH_HC_PHYS2(1.0),12/07/23 11:00:00,Annual,Number per inhabitant,Austria,1986,5.50,d
ESTAT:HLTH_HC_PHYS2(1.0),12/07/23 11:00:00,Annual,Number per inhabitant,Austria,1987,5.60,d
ESTAT:HLTH_HC_PHYS2(1.0),12/07/23 11:00:00,Annual,Number per inhabitant,Austria,1988,5.80,d
ESTAT:HLTH_HC_PHYS2(1.0),12/07/23 11:00:00,Annual,Number per inhabitant,Austria,1989,5.80,d
ESTAT:HLTH_HC_PHYS2(1.0),12/07/23 11:00:00,Annual,Number per inhabitant,Austria,1990,5.90,d
ESTAT:HLTH_HC_PHYS2(1.0),12/07/23 11:00:00,Annual,Number per inhabitant,Austria,1991,5.90,d
ESTAT:HLTH_HC_PHYS2(1.0),12/07/23 11:00:00,Annual,Number per inhabitant,Austria,1992,6.00,d
ESTAT:HLTH_HC_PHYS2(1.0),12/07/23 11:00:00,Annual,Number per inhabitant,Austria,1993,6.10,d
ESTAT:HLTH_HC_PHYS2(1.0),12/07/23 11:00:00,Annual,Number per inhabitant,Austria,1994,6.20,d
ESTAT:HLTH_HC_PHYS2(1.0),12/07/23 11:00:00,Annual,Number per inhabitant,Austria,1995,6.30,d
ESTAT:HLTH_HC_PHYS2(1.0),12/07/23 11:00:00,Annual,Number per inhabitant,Austria,1996,6.30,d
ESTAT:HLTH_HC_PHYS2(1.0),12/07/23 11:00:00,Annual,Number per inhabitant,Austria,1997,6.20,d
ESTAT:HLTH_HC_PHYS2(1.0),12/07/23 11:00:00,Annual,Number per inhabitant,Austria,1998,6.50,d
ESTAT:HLTH_HC_PHYS2(1.0),12/07/23 11:00:00,Annual,Number per inhabitant,Austria,1999,6.70,d
ESTAT:HLTH_HC_PHYS2(1.0),12/07/23 11:00:00,Annual,Number per inhabitant,Austria,2000,6.70,d
ESTAT:HLTH_HC_PHYS2(1.0),12/07/23 11:00:00,Annual,Number per inhabitant,Austria,2001,6.70,d
ESTAT:HLTH_HC_PHYS2(1.0),12/07/23 11:00:00,Annual,Number per inhabitant,Austria,2002,6.70,d
ESTAT:HLTH_HC_PHYS2(1.0),12/07/23 11:00:00,Annual,Number per inhabitant,Austria,2003,6.70,d
ESTAT:HLTH_HC_PHYS2(1.0),12/07/23 11:00:00,Annual,Number per inhabitant,Austria,2004,6.70,d
ESTAT:HLTH_HC_PHYS2(1.0),12/07/23 11:00:00,Annual,Number per inhabitant,Austria,2005,6.70,d
ESTAT:HLTH_HC_PHYS2(1.0),12/07/23 11:00:00,Annual,Number per inhabitant,Austria,2006,6.70,d
ESTAT:HLTH_HC_PHYS2(1.0),12/07/23 11:00:00,Annual,Number per inhabitant,Austria,2007,6.80,d
ESTAT:HLTH_HC_PHYS2(1.0),12/07/23 11:00:00,Annual,Number per inhabitant,Austria,2008,6.90,d
ESTAT:HLTH_HC_PHYS2(1.0),12/07/23 11:00:00,Annual,Number per inhabitant,Austria,2009,6.90,d
ESTAT:HLTH_HC_PHYS2(1.0),12/07/23 11:00:00,Annual,Number per inhabitant,Austria,2010,6.90,d
ESTAT:HLTH_HC_PHYS2(1.0),12/07/23 11:00:00,Annual,Number per inhabitant,Austria,2011,6.90,d
ESTAT:HLTH_HC_PHYS2(1.0),12/07/23 11:00:00,Annual,Number per inhabitant,Austria,2012,6.82,d
ESTAT:HLTH_HC_PHYS2(1.0),12/07/23 11:00:00,Annual,Number per inhabitant,Austria,2013,6.82,d
ESTAT:HLTH_HC_PHYS2(1.0),12/07/23 11:00:00,Annual,Number per inhabitant,Austria,2014,6.77,d
ESTAT:HLTH_HC_PHYS2(1.0),12/07/23 11:00:00,Annual,Number per inhabitant,Austria,2015,6.62,d
ESTAT:HLTH_HC_PHYS2(1.0),12/07/23 11:00:00,Annual,Number per inhabitant,Austria,2016,6.59,d
ESTAT:HLTH_HC_PHYS2(1.0),12/07/23 11:00:00,Annual,Number per inhabitant,Austria,2017,6.53,d
ESTAT:HLTH_HC_PHYS2(1.0),12/07/23 11:00:00,Annual,Number per inhabitant,Austria,2018,6.55,d
ESTAT:HLTH_HC_PHYS2(1.0),12/07/23 11:00:00,Annual,Number per inhabitant,Austria,2019,6.55,d
ESTAT:HLTH_HC_PHYS2(1.0),12/07/23 11:00:00,Annual,Number per inhabitant,Austria,2020,5.80,d
ESTAT:HLTH_HC_PHYS2(1.0),12/07/23 11:00:00,Annual,Number per inhabitant,Austria,2021,6.46,d
ESTAT:HLTH_HC_PHYS2(1.0),12/07/23 11:00:00,Annual,Number per inhabitant,Belgium,2006,6.49,
ESTAT:HLTH_HC_PHYS2(1.0),12/07/23 11:00:00,Annual,Number per inhabitant,Belgium,2007,6.47,
ESTAT:HLTH_HC_PHYS2(1.0),12/07/23 11:00:00,Annual,Number per inhabitant,Belgium,2008,6.75,
ESTAT:HLTH_HC_PHYS2(1.0),12/07/23 11:00:00,Annual,Number per inhabitant,Belgium,2009,6.85,
ESTAT:HLTH_HC_PHYS2(1.0),12/07/23 11:00:00,Annual,Number per inhabitant,Belgium,2010,6.62,
ESTAT:HLTH_HC_PHYS2(1.0),12/07/23 11:00:00,Annual,Number per inhabitant,Belgium,2011,6.68,
ESTAT:HLTH_HC_PHYS2(1.0),12/07/23 11:00:00,Annual,Number per inhabitant,Belgium,2012,6.71,
ESTAT:HLTH_HC_PHYS2(1.0),12/07/23 11:00:00,Annual,Number per inhabitant,Belgium,2013,6.67,
ESTAT:HLTH_HC_PHYS2(1.0),12/07/23 11:00:00,Annual,Number per inhabitant,Belgium,2014,6.67,
ESTAT:HLTH_HC_PHYS2(1.0),12/07/23 11:00:00,Annual,Number per inhabitant,Belgium,2015,6.76,
ESTAT:HLTH_HC_PHYS2(1.0),12/07/23 11:00:00,Annual,Number per inhabitant,Belgium,2016,6.89,
ESTAT:HLTH_HC_PHYS2(1.0),12/07/23 11:00:00,Annual,Number per inhabitant,Belgium,2017,6.96,
ESTAT:HLTH_HC_PHYS2(1.0),12/07/23 11:00:00,Annual,Number per inhabitant,Belgium,2018,7.19,
ESTAT:HLTH_HC_PHYS2(1.0),12/07/23 11:00:00,Annual,Number per inhabitant,Belgium,2019,7.30,
ESTAT:HLTH_HC_PHYS2(1.0),12/07/23 11:00:00,Annual,Number per inhabitant,Belgium,2020,6.17,
ESTAT:HLTH_HC_PHYS2(1.0),12/07/23 11:00:00,Annual,Number per inhabitant,Belgium,2021,6.74,
ESTAT:HLTH_HC_PHYS2(1.0),12/07/23 11:00:00,Annual,Number per inhabitant,Bulgaria,1980,6.50,
ESTAT:HLTH_HC_PHYS2(1.0),12/07/23 11:00:00,Annual,Number per inhabitant,Bulgaria,1981,6.50,
ESTAT:HLTH_HC_PHYS2(1.0),12/07/23 11:00:00,Annual,Number per inhabitant,Bulgaria,1982,6.80,
ESTAT:HLTH_HC_PHYS2(1.0),12/07/23 11:00:00,Annual,Number per inhabitant,Bulgaria,1983,7.00,
ESTAT:HLTH_HC_PHYS2(1.0),12/07/23 11:00:00,Annual,Number per inhabitant,Bulgaria,1984,7.20,
ESTAT:HLTH_HC_PHYS2(1.0),12/07/23 11:00:00,Annual,Number per inhabitant,Bulgaria,1985,7.30,
ESTAT:HLTH_HC_PHYS2(1.0),12/07/23 11:00:00,Annual,Number per inhabitant,Bulgaria,1986,7.60,
ESTAT:HLTH_HC_PHYS2(1.0),12/07/23 11:00:00,Annual,Number per inhabitant,Bulgaria,1987,7.50,
ESTAT:HLTH_HC_PHYS2(1.0),12/07/23 11:00:00,Annual,Number per inhabitant,Bulgaria,1988,7.40,
ESTAT:HLTH_HC_PHYS2(1.0),12/07/23 11:00:00,Annual,Number per inhabitant,Bulgaria,1989,7.20,
ESTAT:HLTH_HC_PHYS2(1.0),12/07/23 11:00:00,Annual,Number per inhabitant,Bulgaria,1990,6.60,
ESTAT:HLTH_HC_PHYS2(1.0),12/07/23 11:00:00,Annual,Number per inhabitant,Bulgaria,1991,5.60,
ESTAT:HLTH_HC_PHYS2(1.0),12/07/23 11:00:00,Annual,Number per inhabitant,Bulgaria,1992,5.80,
ESTAT:HLTH_HC_PHYS2(1.0),12/07/23 11:00:00,Annual,Number per inhabitant,Bulgaria,1993,5.50,
ESTAT:HLTH_HC_PHYS2(1.0),12/07/23 11:00:00,Annual,Number per inhabitant,Bulgaria,1994,5.50,
ESTAT:HLTH_HC_PHYS2(1.0),12/07/23 11:00:00,Annual,Number per inhabitant,Bulgaria,1995,5.50,
ESTAT:HLTH_HC_PHYS2(1.0),12/07/23 11:00:00,Annual,Number per inhabitant,Bulgaria,1996,5.90,
ESTAT:HLTH_HC_PHYS2(1.0),12/07/23 11:00:00,Annual,Number per inhabitant,Bulgaria,1997,5.70,
ESTAT:HLTH_HC_PHYS2(1.0),12/07/23 11:00:00,Annual,Number per inhabitant,Bulgaria,1998,5.50,
ESTAT:HLTH_HC_PHYS2(1.0),12/07/23 11:00:00,Annual,Number per inhabitant,Bulgaria,1999,5.40,
ESTAT:HLTH_HC_PHYS2(1.0),12/07/23 11:00:00,Annual,Number per inhabitant,Bulgaria,2014,5.90,
ESTAT:HLTH_HC_PHYS2(1.0),12/07/23 11:00:00,Annual,Number per inhabitant,Bulgaria,2015,5.90,
ESTAT:HLTH_HC_PHYS2(1.0),12/07/23 11:00:00,Annual,Number per inhabitant,Bulgaria,2016,6.10,
ESTAT:HLTH_HC_PHYS2(1.0),12/07/23 11:00:00,Annual,Number per inhabitant,Bulgaria,2017,6.00,
ESTAT:HLTH_HC_PHYS2(1.0),12/07/23 11:00:00,Annual,Number per inhabitant,Bulgaria,2018,6.30,
ESTAT:HLTH_HC_PHYS2(1.0),12/07/23 11:00:00,Annual,Number per inhabitant,Bulgaria,2019,6.30,
ESTAT:HLTH_HC_PHYS2(1.0),12/07/23 11:00:00,Annual,Number per inhabitant,Bulgaria,2020,5.40,
ESTAT:HLTH_HC_PHYS2(1.0),12/07/23 11:00:00,Annual,Number per inhabitant,Bulgaria,2021,5.70,
ESTAT:HLTH_HC_PHYS2(1.0),12/07/23 11:00:00,Annual,Number per inhabitant,Switzerland,2002,3.37,
ESTAT:HLTH_HC_PHYS2(1.0),12/07/23 11:00:00,Annual,Number per inhabitant,Switzerland,2007,4.08,
ESTAT:HLTH_HC_PHYS2(1.0),12/07/23 11:00:00,Annual,Number per inhabitant,Switzerland,2012,3.85,
ESTAT:HLTH_HC_PHYS2(1.0),12/07/23 11:00:00,Annual,Number per inhabitant,Switzerland,2017,4.32,
ESTAT:HLTH_HC_PHYS2(1.0),12/07/23 11:00:00,Annual,Number per inhabitant,Cyprus,1980,1.67,d
ESTAT:HLTH_HC_PHYS2(1.0),12/07/23 11:00:00,Annual,Number per inhabitant,Cyprus,1981,1.99,d
ESTAT:HLTH_HC_PHYS2(1.0),12/07/23 11:00:00,Annual,Number per inhabitant,Cyprus,1982,2.09,d
ESTAT:HLTH_HC_PHYS2(1.0),12/07/23 11:00:00,Annual,Number per inhabitant,Cyprus,1983,2.14,d
ESTAT:HLTH_HC_PHYS2(1.0),12/07/23 11:00:00,Annual,Number per inhabitant,Cyprus,1984,2.07,d
ESTAT:HLTH_HC_PHYS2(1.0),12/07/23 11:00:00,Annual,Number per inhabitant,Cyprus,1985,1.77,d
ESTAT:HLTH_HC_PHYS2(1.0),12/07/23 11:00:00,Annual,Number per inhabitant,Cyprus,1986,1.86,d
ESTAT:HLTH_HC_PHYS2(1.0),12/07/23 11:00:00,Annual,Number per inhabitant,Cyprus,1987,1.88,d
ESTAT:HLTH_HC_PHYS2(1.0),12/07/23 11:00:00,Annual,Number per inhabitant,Cyprus,1988,1.84,d
ESTAT:HLTH_HC_PHYS2(1.0),12/07/23 11:00:00,Annual,Number per inhabitant,Cyprus,1989,1.86,d
ESTAT:HLTH_HC_PHYS2(1.0),12/07/23 11:00:00,Annual,Number per inhabitant,Cyprus,1990,1.89,d
ESTAT:HLTH_HC_PHYS2(1.0),12/07/23 11:00:00,Annual,Number per inhabitant,Cyprus,1991,1.88,d
ESTAT:HLTH_HC_PHYS2(1.0),12/07/23 11:00:00,Annual,Number per inhabitant,Cyprus,1992,1.88,d
ESTAT:HLTH_HC_PHYS2(1.0),12/07/23 11:00:00,Annual,Number per inhabitant,Cyprus,1993,1.86,d
ESTAT:HLTH_HC_PHYS2(1.0),12/07/23 11:00:00,Annual,Number per inhabitant,Cyprus,1994,1.89,d
ESTAT:HLTH_HC_PHYS2(1.0),12/07/23 11:00:00,Annual,Number per inhabitant,Cyprus,1995,1.90,d
ESTAT:HLTH_HC_PHYS2(1.0),12/07/23 11:00:00,Annual,Number per inhabitant,Cyprus,1996,1.89,d
ESTAT:HLTH_HC_PHYS2(1.0),12/07/23 11:00:00,Annual,Number per inhabitant,Cyprus,1997,1.90,d
ESTAT:HLTH_HC_PHYS2(1.0),12/07/23 11:00:00,Annual,Number per inhabitant,Cyprus,1998,1.97,d
ESTAT:HLTH_HC_PHYS2(1.0),12/07/23 11:00:00,Annual,Number per inhabitant,Cyprus,1999,1.94,d
ESTAT:HLTH_HC_PHYS2(1.0),12/07/23 11:00:00,Annual,Number per inhabitant,Cyprus,2000,1.99,d
ESTAT:HLTH_HC_PHYS2(1.0),12/07/23 11:00:00,Annual,Number per inhabitant,Cyprus,2001,1.80,d
ESTAT:HLTH_HC_PHYS2(1.0),12/07/23 11:00:00,Annual,Number per inhabitant,Cyprus,2002,1.84,d
ESTAT:HLTH_HC_PHYS2(1.0),12/07/23 11:00:00,Annual,Number per inhabitant,Cyprus,2003,1.92,d
ESTAT:HLTH_HC_PHYS2(1.0),12/07/23 11:00:00,Annual,Number per inhabitant,Cyprus,2004,2.05,d
ESTAT:HLTH_HC_PHYS2(1.0),12/07/23 11:00:00,Annual,Number per inhabitant,Cyprus,2005,2.09,d
ESTAT:HLTH_HC_PHYS2(1.0),12/07/23 11:00:00,Annual,Number per inhabitant,Cyprus,2006,2.04,d
ESTAT:HLTH_HC_PHYS2(1.0),12/07/23 11:00:00,Annual,Number per inhabitant,Cyprus,2007,2.08,d
ESTAT:HLTH_HC_PHYS2(1.0),12/07/23 11:00:00,Annual,Number per inhabitant,Cyprus,2008,2.13,d
ESTAT:HLTH_HC_PHYS2(1.0),12/07/23 11:00:00,Annual,Number per inhabitant,Cyprus,2009,2.26,d
ESTAT:HLTH_HC_PHYS2(1.0),12/07/23 11:00:00,Annual,Number per inhabitant,Cyprus,2010,2.31,d
ESTAT:HLTH_HC_PHYS2(1.0),12/07/23 11:00:00,Annual,Number per inhabitant,Cyprus,2011,2.34,d
ESTAT:HLTH_HC_PHYS2(1.0),12/07/23 11:00:00,Annual,Number per inhabitant,Cyprus,2012,2.44,d
ESTAT:HLTH_HC_PHYS2(1.0),12/07/23 11:00:00,Annual,Number per inhabitant,Cyprus,2013,2.36,d
ESTAT:HLTH_HC_PHYS2(1.0),12/07/23 11:00:00,Annual,Number per inhabitant,Cyprus,2014,2.16,d
ESTAT:HLTH_HC_PHYS2(1.0),12/07/23 11:00:00,Annual,Number per inhabitant,Cyprus,2015,2.18,d
ESTAT:HLTH_HC_PHYS2(1.0),12/07/23 11:00:00,Annual,Number per inhabitant,Cyprus,2016,2.11,d
ESTAT:HLTH_HC_PHYS2(1.0),12/07/23 11:00:00,Annual,Number per inhabitant,Cyprus,2017,2.09,d
ESTAT:HLTH_HC_PHYS2(1.0),12/07/23 11:00:00,Annual,Number per inhabitant,Cyprus,2018,2.06,d
ESTAT:HLTH_HC_PHYS2(1.0),12/07/23 11:00:00,Annual,Number per inhabitant,Cyprus,2019,1.56,bd
ESTAT:HLTH_HC_PHYS2(1.0),12/07/23 11:00:00,Annual,Number per inhabitant,Cyprus,2020,6.75,bd
ESTAT:HLTH_HC_PHYS2(1.0),12/07/23 11:00:00,Annual,Number per inhabitant,Czechia,2015,7.72,
ESTAT:HLTH_HC_PHYS2(1.0),12/07/23 11:00:00,Annual,Number per inhabitant,Czechia,2016,7.73,
ESTAT:HLTH_HC_PHYS2(1.0),12/07/23 11:00:00,Annual,Number per inhabitant,Czechia,2017,7.71,
ESTAT:HLTH_HC_PHYS2(1.0),12/07/23 11:00:00,Annual,Number per inhabitant,Czechia,2018,7.91,
ESTAT:HLTH_HC_PHYS2(1.0),12/07/23 11:00:00,Annual,Number per inhabitant,Czechia,2019,7.91,
ESTAT:HLTH_HC_PHYS2(1.0),12/07/23 11:00:00,Annual,Number per inhabitant,Czechia,2020,7.32,
ESTAT:HLTH_HC_PHYS2(1.0),12/07/23 11:00:00,Annual,Number per inhabitant,Czechia,2021,7.80,
ESTAT:HLTH_HC_PHYS2(1.0),12/07/23 11:00:00,Annual,Number per inhabitant,Germany,1991,5.30,d
ESTAT:HLTH_HC_PHYS2(1.0),12/07/23 11:00:00,Annual,Number per inhabitant,Germany,1992,5.70,d
ESTAT:HLTH_HC_PHYS2(1.0),12/07/23 11:00:00,Annual,Number per inhabitant,Germany,1993,6.20,d
ESTAT:HLTH_HC_PHYS2(1.0),12/07/23 11:00:00,Annual,Number per inhabitant,Germany,1994,6.50,d
ESTAT:HLTH_HC_PHYS2(1.0),12/07/23 11:00:00,Annual,Number per inhabitant,Germany,1995,6.80,d
ESTAT:HLTH_HC_PHYS2(1.0),12/07/23 11:00:00,Annual,Number per inhabitant,Germany,1996,7.00,d
ESTAT:HLTH_HC_PHYS2(1.0),12/07/23 11:00:00,Annual,Number per inhabitant,Germany,1997,7.30,d
ESTAT:HLTH_HC_PHYS2(1.0),12/07/23 11:00:00,Annual,Number per inhabitant,Germany,1998,7.40,d
ESTAT:HLTH_HC_PHYS2(1.0),12/07/23 11:00:00,Annual,Number per inhabitant,Germany,1999,7.60,d
ESTAT:HLTH_HC_PHYS2(1.0),12/07/23 11:00:00,Annual,Number per inhabitant,Germany,2000,7.70,d
ESTAT:HLTH_HC_PHYS2(1.0),12/07/23 11:00:00,Annual,Number per inhabitant,Germany,2001,7.90,d
ESTAT:HLTH_HC_PHYS2(1.0),12/07/23 11:00:00,Annual,Number per inhabitant,Germany,2002,8.00,d
ESTAT:HLTH_HC_PHYS2(1.0),12/07/23 11:00:00,Annual,Number per inhabitant,Germany,2003,8.00,d
ESTAT:HLTH_HC_PHYS2(1.0),12/07/23 11:00:00,Annual,Number per inhabitant,Germany,2004,7.40,d
ESTAT:HLTH_HC_PHYS2(1.0),12/07/23 11:00:00,Annual,Number per inhabitant,Germany,2005,8.10,d
ESTAT:HLTH_HC_PHYS2(1.0),12/07/23 11:00:00,Annual,Number per inhabitant,Germany,2006,7.90,d
ESTAT:HLTH_HC_PHYS2(1.0),12/07/23 11:00:00,Annual,Number per inhabitant,Germany,2007,8.10,d
ESTAT:HLTH_HC_PHYS2(1.0),12/07/23 11:00:00,Annual,Number per inhabitant,Germany,2008,8.60,d
ESTAT:HLTH_HC_PHYS2(1.0),12/07/23 11:00:00,Annual,Number per inhabitant,Germany,2009,9.20,d
ESTAT:HLTH_HC_PHYS2(1.0),12/07/23 11:00:00,Annual,Number per inhabitant,Germany,2010,9.90,d
ESTAT:HLTH_HC_PHYS2(1.0),12/07/23 11:00:00,Annual,Number per inhabitant,Germany,2011,9.70,d
ESTAT:HLTH_HC_PHYS2(1.0),12/07/23 11:00:00,Annual,Number per inhabitant,Germany,2012,9.70,d
ESTAT:HLTH_HC_PHYS2(1.0),12/07/23 11:00:00,Annual,Number per inhabitant,Germany,2013,9.90,d
ESTAT:HLTH_HC_PHYS2(1.0),12/07/23 11:00:00,Annual,Number per inhabitant,Germany,2014,9.90,d
ESTAT:HLTH_HC_PHYS2(1.0),12/07/23 11:00:00,Annual,Number per inhabitant,Germany,2015,10.00,d
ESTAT:HLTH_HC_PHYS2(1.0),12/07/23 11:00:00,Annual,Number per inhabitant,Germany,2016,10.00,d
ESTAT:HLTH_HC_PHYS2(1.0),12/07/23 11:00:00,Annual,Number per inhabitant,Germany,2017,9.90,d
ESTAT:HLTH_HC_PHYS2(1.0),12/07/23 11:00:00,Annual,Number per inhabitant,Germany,2018,9.90,d
ESTAT:HLTH_HC_PHYS2(1.0),12/07/23 11:00:00,Annual,Number per inhabitant,Germany,2019,9.80,d
ESTAT:HLTH_HC_PHYS2(1.0),12/07/23 11:00:00,Annual,Number per inhabitant,Germany,2020,9.50,d
ESTAT:HLTH_HC_PHYS2(1.0),12/07/23 11:00:00,Annual,Number per inhabitant,Germany,2021,9.60,d
ESTAT:HLTH_HC_PHYS2(1.0),12/07/23 11:00:00,Annual,Number per inhabitant,Denmark,1990,3.70,
ESTAT:HLTH_HC_PHYS2(1.0),12/07/23 11:00:00,Annual,Number per inhabitant,Denmark,1991,3.80,
ESTAT:HLTH_HC_PHYS2(1.0),12/07/23 11:00:00,Annual,Number per inhabitant,Denmark,1992,4.00,
ESTAT:HLTH_HC_PHYS2(1.0),12/07/23 11:00:00,Annual,Number per inhabitant,Denmark,1993,3.90,
ESTAT:HLTH_HC_PHYS2(1.0),12/07/23 11:00:00,Annual,Number per inhabitant,Denmark,1994,4.00,
ESTAT:HLTH_HC_PHYS2(1.0),12/07/23 11:00:00,Annual,Number per inhabitant,Denmark,1995,4.10,
ESTAT:HLTH_HC_PHYS2(1.0),12/07/23 11:00:00,Annual,Number per inhabitant,Denmark,1996,4.00,
ESTAT:HLTH_HC_PHYS2(1.0),12/07/23 11:00:00,Annual,Number per inhabitant,Denmark,1997,4.10,
ESTAT:HLTH_HC_PHYS2(1.0),12/07/23 11:00:00,Annual,Number per inhabitant,Denmark,1998,4.20,
ESTAT:HLTH_HC_PHYS2(1.0),12/07/23 11:00:00,Annual,Number per inhabitant,Denmark,1999,4.10,
ESTAT:HLTH_HC_PHYS2(1.0),12/07/23 11:00:00,Annual,Number per inhabitant,Denmark,2000,4.20,
ESTAT:HLTH_HC_PHYS2(1.0),12/07/23 11:00:00,Annual,Number per inhabitant,Denmark,2001,4.20,
ESTAT:HLTH_HC_PHYS2(1.0),12/07/23 11:00:00,Annual,Number per inhabitant,Denmark,2002,4.30,
ESTAT:HLTH_HC_PHYS2(1.0),12/07/23 11:00:00,Annual,Number per inhabitant,Denmark,2003,4.30,
ESTAT:HLTH_HC_PHYS2(1.0),12/07/23 11:00:00,Annual,Number per inhabitant,Denmark,2004,4.40,
ESTAT:HLTH_HC_PHYS2(1.0),12/07/23 11:00:00,Annual,Number per inhabitant,Denmark,2005,4.50,
ESTAT:HLTH_HC_PHYS2(1.0),12/07/23 11:00:00,Annual,Number per inhabitant,Denmark,2006,4.50,
ESTAT:HLTH_HC_PHYS2(1.0),12/07/23 11:00:00,Annual,Number per inhabitant,Denmark,2007,4.50,
ESTAT:HLTH_HC_PHYS2(1.0),12/07/23 11:00:00,Annual,Number per inhabitant,Denmark,2008,4.60,
ESTAT:HLTH_HC_PHYS2(1.0),12/07/23 11:00:00,Annual,Number per inhabitant,Denmark,2009,4.60,
ESTAT:HLTH_HC_PHYS2(1.0),12/07/23 11:00:00,Annual,Number per inhabitant,Denmark,2010,4.60,
ESTAT:HLTH_HC_PHYS2(1.0),12/07/23 11:00:00,Annual,Number per inhabitant,Denmark,2011,4.80,
ESTAT:HLTH_HC_PHYS2(1.0),12/07/23 11:00:00,Annual,Number per inhabitant,Denmark,2012,4.70,
ESTAT:HLTH_HC_PHYS2(1.0),12/07/23 11:00:00,Annual,Number per inhabitant,Denmark,2013,4.67,
ESTAT:HLTH_HC_PHYS2(1.0),12/07/23 11:00:00,Annual,Number per inhabitant,Denmark,2014,4.09,
ESTAT:HLTH_HC_PHYS2(1.0),12/07/23 11:00:00,Annual,Number per inhabitant,Denmark,2015,4.07,
ESTAT:HLTH_HC_PHYS2(1.0),12/07/23 11:00:00,Annual,Number per inhabitant,Denmark,2016,4.08,
ESTAT:HLTH_HC_PHYS2(1.0),12/07/23 11:00:00,Annual,Number per inhabitant,Denmark,2017,4.10,
ESTAT:HLTH_HC_PHYS2(1.0),12/07/23 11:00:00,Annual,Number per inhabitant,Denmark,2018,4.05,
ESTAT:HLTH_HC_PHYS2(1.0),12/07/23 11:00:00,Annual,Number per inhabitant,Denmark,2019,3.95,
ESTAT:HLTH_HC_PHYS2(1.0),12/07/23 11:00:00,Annual,Number per inhabitant,Denmark,2020,3.96,
ESTAT:HLTH_HC_PHYS2(1.0),12/07/23 11:00:00,Annual,Number per inhabitant,Denmark,2021,3.79,
ESTAT:HLTH_HC_PHYS2(1.0),12/07/23 11:00:00,Annual,Number per inhabitant,Estonia,1970,6.16,
ESTAT:HLTH_HC_PHYS2(1.0),12/07/23 11:00:00,Annual,Number per inhabitant,Estonia,1971,6.31,
ESTAT:HLTH_HC_PHYS2(1.0),12/07/23 11:00:00,Annual,Number per inhabitant,Estonia,1972,6.14,
ESTAT:HLTH_HC_PHYS2(1.0),12/07/23 11:00:00,Annual,Number per inhabitant,Estonia,1973,6.49,
ESTAT:HLTH_HC_PHYS2(1.0),12/07/23 11:00:00,Annual,Number per inhabitant,Estonia,1974,6.82,
ESTAT:HLTH_HC_PHYS2(1.0),12/07/23 11:00:00,Annual,Number per inhabitant,Estonia,1975,7.03,
ESTAT:HLTH_HC_PHYS2(1.0),12/07/23 11:00:00,Annual,Number per inhabitant,Estonia,1976,7.32,
ESTAT:HLTH_HC_PHYS2(1.0),12/07/23 11:00:00,Annual,Number per inhabitant,Estonia,1977,7.45,
ESTAT:HLTH_HC_PHYS2(1.0),12/07/23 11:00:00,Annual,Number per inhabitant,Estonia,1978,7.59,
ESTAT:HLTH_HC_PHYS2(1.0),12/07/23 11:00:00,Annual,Number per inhabitant,Estonia,1979,7.76,
ESTAT:HLTH_HC_PHYS2(1.0),12/07/23 11:00:00,Annual,Number per inhabitant,Estonia,1980,8.04,
ESTAT:HLTH_HC_PHYS2(1.0),12/07/23 11:00:00,Annual,Number per inhabitant,Estonia,1981,8.23,
ESTAT:HLTH_HC_PHYS2(1.0),12/07/23 11:00:00,Annual,Number per inhabitant,Estonia,1982,8.32,
ESTAT:HLTH_HC_PHYS2(1.0),12/07/23 11:00:00,Annual,Number per inhabitant,Estonia,1983,8.71,
ESTAT:HLTH_HC_PHYS2(1.0),12/07/23 11:00:00,Annual,Number per inhabitant,Estonia,1984,8.61,
ESTAT:HLTH_HC_PHYS2(1.0),12/07/23 11:00:00,Annual,Number per inhabitant,Estonia,1985,8.81,
ESTAT:HLTH_HC_PHYS2(1.0),12/07/23 11:00:00,Annual,Number per inhabitant,Estonia,1986,9.12,
ESTAT:HLTH_HC_PHYS2(1.0),12/07/23 11:00:00,Annual,Number per inhabitant,Estonia,1987,8.97,
ESTAT:HLTH_HC_PHYS2(1.0),12/07/23 11:00:00,Annual,Number per inhabitant,Estonia,1988,8.47,
ESTAT:HLTH_HC_PHYS2(1.0),12/07/23 11:00:00,Annual,Number per inhabitant,Estonia,1989,7.70,b
ESTAT:HLTH_HC_PHYS2(1.0),12/07/23 11:00:00,Annual,Number per inhabitant,Estonia,1990,7.74,
ESTAT:HLTH_HC_PHYS2(1.0),12/07/23 11:00:00,Annual,Number per inhabitant,Estonia,1991,7.16,b
ESTAT:HLTH_HC_PHYS2(1.0),12/07/23 11:00:00,Annual,Number per inhabitant,Estonia,1992,5.30,
ESTAT:HLTH_HC_PHYS2(1.0),12/07/23 11:00:00,Annual,Number per inhabitant,Estonia,1993,5.78,
ESTAT:HLTH_HC_PHYS2(1.0),12/07/23 11:00:00,Annual,Number per inhabitant,Estonia,1994,5.95,
ESTAT:HLTH_HC_PHYS2(1.0),12/07/23 11:00:00,Annual,Number per inhabitant,Estonia,1995,6.03,
ESTAT:HLTH_HC_PHYS2(1.0),12/07/23 11:00:00,Annual,Number per inhabitant,Estonia,1996,6.06,
ESTAT:HLTH_HC_PHYS2(1.0),12/07/23 11:00:00,Annual,Number per inhabitant,Estonia,1997,6.13,
ESTAT:HLTH_HC_PHYS2(1.0),12/07/23 11:00:00,Annual,Number per inhabitant,Estonia,1998,6.34,
ESTAT:HLTH_HC_PHYS2(1.0),12/07/23 11:00:00,Annual,Number per inhabitant,Estonia,1999,6.25,
ESTAT:HLTH_HC_PHYS2(1.0),12/07/23 11:00:00,Annual,Number per inhabitant,Estonia,2000,6.19,
ESTAT:HLTH_HC_PHYS2(1.0),12/07/23 11:00:00,Annual,Number per inhabitant,Estonia,2001,6.06,
ESTAT:HLTH_HC_PHYS2(1.0),12/07/23 11:00:00,Annual,Number per inhabitant,Estonia,2002,5.98,
ESTAT:HLTH_HC_PHYS2(1.0),12/07/23 11:00:00,Annual,Number per inhabitant,Estonia,2003,6.08,
ESTAT:HLTH_HC_PHYS2(1.0),12/07/23 11:00:00,Annual,Number per inhabitant,Estonia,2004,6.22,
ESTAT:HLTH_HC_PHYS2(1.0),12/07/23 11:00:00,Annual,Number per inhabitant,Estonia,2005,6.32,
ESTAT:HLTH_HC_PHYS2(1.0),12/07/23 11:00:00,Annual,Number per inhabitant,Estonia,2006,6.41,
ESTAT:HLTH_HC_PHYS2(1.0),12/07/23 11:00:00,Annual,Number per inhabitant,Estonia,2007,6.63,
ESTAT:HLTH_HC_PHYS2(1.0),12/07/23 11:00:00,Annual,Number per inhabitant,Estonia,2008,6.55,
ESTAT:HLTH_HC_PHYS2(1.0),12/07/23 11:00:00,Annual,Number per inhabitant,Estonia,2009,6.32,
ESTAT:HLTH_HC_PHYS2(1.0),12/07/23 11:00:00,Annual,Number per inhabitant,Estonia,2010,6.06,
ESTAT:HLTH_HC_PHYS2(1.0),12/07/23 11:00:00,Annual,Number per inhabitant,Estonia,2011,6.35,
ESTAT:HLTH_HC_PHYS2(1.0),12/07/23 11:00:00,Annual,Number per inhabitant,Estonia,2012,6.27,
ESTAT:HLTH_HC_PHYS2(1.0),12/07/23 11:00:00,Annual,Number per inhabitant,Estonia,2013,6.35,
ESTAT:HLTH_HC_PHYS2(1.0),12/07/23 11:00:00,Annual,Number per inhabitant,Estonia,2014,6.32,
ESTAT:HLTH_HC_PHYS2(1.0),12/07/23 11:00:00,Annual,Number per inhabitant,Estonia,2015,6.40,
ESTAT:HLTH_HC_PHYS2(1.0),12/07/23 11:00:00,Annual,Number per inhabitant,Estonia,2016,6.29,
ESTAT:HLTH_HC_PHYS2(1.0),12/07/23 11:00:00,Annual,Number per inhabitant,Estonia,2017,5.87,
ESTAT:HLTH_HC_PHYS2(1.0),12/07/23 11:00:00,Annual,Number per inhabitant,Estonia,2018,5.63,
ESTAT:HLTH_HC_PHYS2(1.0),12/07/23 11:00:00,Annual,Number per inhabitant,Estonia,2019,5.45,
ESTAT:HLTH_HC_PHYS2(1.0),12/07/23 11:00:00,Annual,Number per inhabitant,Estonia,2020,4.10,
ESTAT:HLTH_HC_PHYS2(1.0),12/07/23 11:00:00,Annual,Number per inhabitant,Estonia,2021,4.10,
ESTAT:HLTH_HC_PHYS2(1.0),12/07/23 11:00:00,Annual,Number per inhabitant,Greece,1960,5.20,
ESTAT:HLTH_HC_PHYS2(1.0),12/07/23 11:00:00,Annual,Number per inhabitant,Greece,1961,5.28,
ESTAT:HLTH_HC_PHYS2(1.0),12/07/23 11:00:00,Annual,Number per inhabitant,Greece,1962,5.83,
ESTAT:HLTH_HC_PHYS2(1.0),12/07/23 11:00:00,Annual,Number per inhabitant,Greece,1963,5.86,
ESTAT:HLTH_HC_PHYS2(1.0),12/07/23 11:00:00,Annual,Number per inhabitant,Greece,1964,6.40,
ESTAT:HLTH_HC_PHYS2(1.0),12/07/23 11:00:00,Annual,Number per inhabitant,Greece,1965,6.59,
ESTAT:HLTH_HC_PHYS2(1.0),12/07/23 11:00:00,Annual,Number per inhabitant,Greece,1966,6.47,
ESTAT:HLTH_HC_PHYS2(1.0),12/07/23 11:00:00,Annual,Number per inhabitant,Greece,1967,6.43,
ESTAT:HLTH_HC_PHYS2(1.0),12/07/23 11:00:00,Annual,Number per inhabitant,Greece,1968,6.25,
ESTAT:HLTH_HC_PHYS2(1.0),12/07/23 11:00:00,Annual,Number per inhabitant,Greece,1969,6.17,
ESTAT:HLTH_HC_PHYS2(1.0),12/07/23 11:00:00,Annual,Number per inhabitant,Greece,1970,6.08,
ESTAT:HLTH_HC_PHYS2(1.0),12/07/23 11:00:00,Annual,Number per inhabitant,Greece,1971,6.33,
ESTAT:HLTH_HC_PHYS2(1.0),12/07/23 11:00:00,Annual,Number per inhabitant,Greece,1972,6.38,
ESTAT:HLTH_HC_PHYS2(1.0),12/07/23 11:00:00,Annual,Number per inhabitant,Greece,1973,6.39,
ESTAT:HLTH_HC_PHYS2(1.0),12/07/23 11:00:00,Annual,Number per inhabitant,Greece,1974,6.39,
ESTAT:HLTH_HC_PHYS2(1.0),12/07/23 11:00:00,Annual,Number per inhabitant,Greece,1975,6.66,
ESTAT:HLTH_HC_PHYS2(1.0),12/07/23 11:00:00,Annual,Number per inhabitant,Greece,1976,6.41,
ESTAT:HLTH_HC_PHYS2(1.0),12/07/23 11:00:00,Annual,Number per inhabitant,Greece,1977,6.22,
ESTAT:HLTH_HC_PHYS2(1.0),12/07/23 11:00:00,Annual,Number per inhabitant,Greece,1978,6.24,
ESTAT:HLTH_HC_PHYS2(1.0),12/07/23 11:00:00,Annual,Number per inhabitant,Greece,1979,6.02,
ESTAT:HLTH_HC_PHYS2(1.0),12/07/23 11:00:00,Annual,Number per inhabitant,Greece,1980,5.62,
ESTAT:HLTH_HC_PHYS2(1.0),12/07/23 11:00:00,Annual,Number per inhabitant,Greece,1981,5.84,
ESTAT:HLTH_HC_PHYS2(1.0),12/07/23 11:00:00,Annual,Number per inhabitant,Greece,1982,5.68,
ESTAT:HLTH_HC_PHYS2(1.0),12/07/23 11:00:00,Annual,Number per inhabitant,Greece,1983,5.72,
ESTAT:HLTH_HC_PHYS2(1.0),12/07/23 11:00:00,Annual,Number per inhabitant,Greece,1984,5.85,
ESTAT:HLTH_HC_PHYS2(1.0),12/07/23 11:00:00,Annual,Number per inhabitant,Greece,1985,5.76,
ESTAT:HLTH_HC_PHYS2(1.0),12/07/23 11:00:00,Annual,Number per inhabitant,Greece,1986,5.14,
ESTAT:HLTH_HC_PHYS2(1.0),12/07/23 11:00:00,Annual,Number per inhabitant,Greece,1987,4.81,
ESTAT:HLTH_HC_PHYS2(1.0),12/07/23 11:00:00,Annual,Number per inhabitant,Greece,1988,4.73,
ESTAT:HLTH_HC_PHYS2(1.0),12/07/23 11:00:00,Annual,Number per inhabitant,Greece,1989,4.36,
ESTAT:HLTH_HC_PHYS2(1.0),12/07/23 11:00:00,Annual,Number per inhabitant,Greece,1990,4.32,
ESTAT:HLTH_HC_PHYS2(1.0),12/07/23 11:00:00,Annual,Number per inhabitant,Greece,1991,4.31,
ESTAT:HLTH_HC_PHYS2(1.0),12/07/23 11:00:00,Annual,Number per inhabitant,Greece,1992,4.33,
ESTAT:HLTH_HC_PHYS2(1.0),12/07/23 11:00:00,Annual,Number per inhabitant,Greece,1993,4.37,
ESTAT:HLTH_HC_PHYS2(1.0),12/07/23 11:00:00,Annual,Number per inhabitant,Greece,1994,4.40,
ESTAT:HLTH_HC_PHYS2(1.0),12/07/23 11:00:00,Annual,Number per inhabitant,Greece,1995,4.28,
ESTAT:HLTH_HC_PHYS2(1.0),12/07/23 11:00:00,Annual,Number per inhabitant,Greece,1996,4.60,
ESTAT:HLTH_HC_PHYS2(1.0),12/07/23 11:00:00,Annual,Number per inhabitant,Greece,1997,4.44,
ESTAT:HLTH_HC_PHYS2(1.0),12/07/23 11:00:00,Annual,Number per inhabitant,Greece,1998,4.26,
ESTAT:HLTH_HC_PHYS2(1.0),12/07/23 11:00:00,Annual,Number per inhabitant,Greece,1999,4.15,
ESTAT:HLTH_HC_PHYS2(1.0),12/07/23 11:00:00,Annual,Number per inhabitant,Greece,2000,4.29,
ESTAT:HLTH_HC_PHYS2(1.0),12/07/23 11:00:00,Annual,Number per inhabitant,Greece,2001,4.02,
ESTAT:HLTH_HC_PHYS2(1.0),12/07/23 11:00:00,Annual,Number per inhabitant,Greece,2002,4.04,
ESTAT:HLTH_HC_PHYS2(1.0),12/07/23 11:00:00,Annual,Number per inhabitant,Greece,2003,4.18,
ESTAT:HLTH_HC_PHYS2(1.0),12/07/23 11:00:00,Annual,Number per inhabitant,Greece,2004,4.20,
ESTAT:HLTH_HC_PHYS2(1.0),12/07/23 11:00:00,Annual,Number per inhabitant,Greece,2005,3.94,
ESTAT:HLTH_HC_PHYS2(1.0),12/07/23 11:00:00,Annual,Number per inhabitant,Greece,2006,3.95,
ESTAT:HLTH_HC_PHYS2(1.0),12/07/23 11:00:00,Annual,Number per inhabitant,Greece,2017,3.46,b
ESTAT:HLTH_HC_PHYS2(1.0),12/07/23 11:00:00,Annual,Number per inhabitant,Greece,2018,3.34,
ESTAT:HLTH_HC_PHYS2(1.0),12/07/23 11:00:00,Annual,Number per inhabitant,Greece,2019,3.46,
ESTAT:HLTH_HC_PHYS2(1.0),12/07/23 11:00:00,Annual,Number per inhabitant,Greece,2020,2.74,
ESTAT:HLTH_HC_PHYS2(1.0),12/07/23 11:00:00,Annual,Number per inhabitant,Greece,2021,2.69,
ESTAT:HLTH_HC_PHYS2(1.0),12/07/23 11:00:00,Annual,Number per inhabitant,Spain,1987,6.50,
ESTAT:HLTH_HC_PHYS2(1.0),12/07/23 11:00:00,Annual,Number per inhabitant,Spain,1993,8.30,
ESTAT:HLTH_HC_PHYS2(1.0),12/07/23 11:00:00,Annual,Number per inhabitant,Spain,1995,7.80,
ESTAT:HLTH_HC_PHYS2(1.0),12/07/23 11:00:00,Annual,Number per inhabitant,Spain,1997,8.20,
ESTAT:HLTH_HC_PHYS2(1.0),12/07/23 11:00:00,Annual,Number per inhabitant,Spain,2001,8.70,
ESTAT:HLTH_HC_PHYS2(1.0),12/07/23 11:00:00,Annual,Number per inhabitant,Spain,2003,9.50,
ESTAT:HLTH_HC_PHYS2(1.0),12/07/23 11:00:00,Annual,Number per inhabitant,Spain,2006,8.10,
ESTAT:HLTH_HC_PHYS2(1.0),12/07/23 11:00:00,Annual,Number per inhabitant,Spain,2009,7.50,b
ESTAT:HLTH_HC_PHYS2(1.0),12/07/23 11:00:00,Annual,Number per inhabitant,Spain,2011,7.36,
ESTAT:HLTH_HC_PHYS2(1.0),12/07/23 11:00:00,Annual,Number per inhabitant,Spain,2014,7.60,
ESTAT:HLTH_HC_PHYS2(1.0),12/07/23 11:00:00,Annual,Number per inhabitant,Spain,2017,7.26,
ESTAT:HLTH_HC_PHYS2(1.0),12/07/23 11:00:00,Annual,Number per inhabitant,Spain,2019,6.99,b
ESTAT:HLTH_HC_PHYS2(1.0),12/07/23 11:00:00,Annual,Number per inhabitant,Spain,2020,4.94,
ESTAT:HLTH_HC_PHYS2(1.0),12/07/23 11:00:00,Annual,Number per inhabitant,Spain,2021,4.78,
ESTAT:HLTH_HC_PHYS2(1.0),12/07/23 11:00:00,Annual,Number per inhabitant,Finland,1964,1.60,
ESTAT:HLTH_HC_PHYS2(1.0),12/07/23 11:00:00,Annual,Number per inhabitant,Finland,1965,1.70,
ESTAT:HLTH_HC_PHYS2(1.0),12/07/23 11:00:00,Annual,Number per inhabitant,Finland,1966,1.70,
ESTAT:HLTH_HC_PHYS2(1.0),12/07/23 11:00:00,Annual,Number per inhabitant,Finland,1967,1.80,
ESTAT:HLTH_HC_PHYS2(1.0),12/07/23 11:00:00,Annual,Number per inhabitant,Finland,1968,2.00,
ESTAT:HLTH_HC_PHYS2(1.0),12/07/23 11:00:00,Annual,Number per inhabitant,Finland,1969,2.20,
ESTAT:HLTH_HC_PHYS2(1.0),12/07/23 11:00:00,Annual,Number per inhabitant,Finland,1970,2.40,
ESTAT:HLTH_HC_PHYS2(1.0),12/07/23 11:00:00,Annual,Number per inhabitant,Finland,1971,2.70,
ESTAT:HLTH_HC_PHYS2(1.0),12/07/23 11:00:00,Annual,Number per inhabitant,Finland,1972,2.80,
ESTAT:HLTH_HC_PHYS2(1.0),12/07/23 11:00:00,Annual,Number per inhabitant,Finland,1973,2.80,
ESTAT:HLTH_HC_PHYS2(1.0),12/07/23 11:00:00,Annual,Number per inhabitant,Finland,1974,3.00,
ESTAT:HLTH_HC_PHYS2(1.0),12/07/23 11:00:00,Annual,Number per inhabitant,Finland,1975,3.00,
ESTAT:HLTH_HC_PHYS2(1.0),12/07/23 11:00:00,Annual,Number per inhabitant,Finland,1976,3.00,
ESTAT:HLTH_HC_PHYS2(1.0),12/07/23 11:00:00,Annual,Number per inhabitant,Finland,1977,3.00,
ESTAT:HLTH_HC_PHYS2(1.0),12/07/23 11:00:00,Annual,Number per inhabitant,Finland,1978,3.00,
ESTAT:HLTH_HC_PHYS2(1.0),12/07/23 11:00:00,Annual,Number per inhabitant,Finland,1979,3.10,
ESTAT:HLTH_HC_PHYS2(1.0),12/07/23 11:00:00,Annual,Number per inhabitant,Finland,1980,3.20,
ESTAT:HLTH_HC_PHYS2(1.0),12/07/23 11:00:00,Annual,Number per inhabitant,Finland,1981,3.30,
ESTAT:HLTH_HC_PHYS2(1.0),12/07/23 11:00:00,Annual,Number per inhabitant,Finland,1982,3.30,
ESTAT:HLTH_HC_PHYS2(1.0),12/07/23 11:00:00,Annual,Number per inhabitant,Finland,1983,3.40,
ESTAT:HLTH_HC_PHYS2(1.0),12/07/23 11:00:00,Annual,Number per inhabitant,Finland,1984,3.40,
ESTAT:HLTH_HC_PHYS2(1.0),12/07/23 11:00:00,Annual,Number per inhabitant,Finland,1985,3.60,
ESTAT:HLTH_HC_PHYS2(1.0),12/07/23 11:00:00,Annual,Number per inhabitant,Finland,1986,3.60,
ESTAT:HLTH_HC_PHYS2(1.0),12/07/23 11:00:00,Annual,Number per inhabitant,Finland,1987,3.60,
ESTAT:HLTH_HC_PHYS2(1.0),12/07/23 11:00:00,Annual,Number per inhabitant,Finland,1988,3.70,
ESTAT:HLTH_HC_PHYS2(1.0),12/07/23 11:00:00,Annual,Number per inhabitant,Finland,1989,3.90,
ESTAT:HLTH_HC_PHYS2(1.0),12/07/23 11:00:00,Annual,Number per inhabitant,Finland,1990,3.90,
ESTAT:HLTH_HC_PHYS2(1.0),12/07/23 11:00:00,Annual,Number per inhabitant,Finland,1991,4.00,
ESTAT:HLTH_HC_PHYS2(1.0),12/07/23 11:00:00,Annual,Number per inhabitant,Finland,1992,3.90,
ESTAT:HLTH_HC_PHYS2(1.0),12/07/23 11:00:00,Annual,Number per inhabitant,Finland,1993,3.90,
ESTAT:HLTH_HC_PHYS2(1.0),12/07/23 11:00:00,Annual,Number per inhabitant,Finland,1994,4.00,
ESTAT:HLTH_HC_PHYS2(1.0),12/07/23 11:00:00,Annual,Number per inhabitant,Finland,1995,4.10,
ESTAT:HLTH_HC_PHYS2(1.0),12/07/23 11:00:00,Annual,Number per inhabitant,Finland,1996,4.30,
ESTAT:HLTH_HC_PHYS2(1.0),12/07/23 11:00:00,Annual,Number per inhabitant,Finland,1997,4.20,
ESTAT:HLTH_HC_PHYS2(1.0),12/07/23 11:00:00,Annual,Number per inhabitant,Finland,1998,4.20,
ESTAT:HLTH_HC_PHYS2(1.0),12/07/23 11:00:00,Annual,Number per inhabitant,Finland,1999,4.30,
ESTAT:HLTH_HC_PHYS2(1.0),12/07/23 11:00:00,Annual,Number per inhabitant,Finland,2000,4.30,
ESTAT:HLTH_HC_PHYS2(1.0),12/07/23 11:00:00,Annual,Number per inhabitant,Finland,2001,4.30,
ESTAT:HLTH_HC_PHYS2(1.0),12/07/23 11:00:00,Annual,Number per inhabitant,Finland,2002,4.20,
ESTAT:HLTH_HC_PHYS2(1.0),12/07/23 11:00:00,Annual,Number per inhabitant,Finland,2003,4.20,
ESTAT:HLTH_HC_PHYS2(1.0),12/07/23 11:00:00,Annual,Number per inhabitant,Finland,2004,4.20,
ESTAT:HLTH_HC_PHYS2(1.0),12/07/23 11:00:00,Annual,Number per inhabitant,Finland,2005,4.30,
ESTAT:HLTH_HC_PHYS2(1.0),12/07/23 11:00:00,Annual,Number per inhabitant,Finland,2006,4.30,
ESTAT:HLTH_HC_PHYS2(1.0),12/07/23 11:00:00,Annual,Number per inhabitant,Finland,2007,4.20,
ESTAT:HLTH_HC_PHYS2(1.0),12/07/23 11:00:00,Annual,Number per inhabitant,Finland,2008,4.30,
ESTAT:HLTH_HC_PHYS2(1.0),12/07/23 11:00:00,Annual,Number per inhabitant,Finland,2009,4.20,
ESTAT:HLTH_HC_PHYS2(1.0),12/07/23 11:00:00,Annual,Number per inhabitant,Finland,2010,4.30,
ESTAT:HLTH_HC_PHYS2(1.0),12/07/23 11:00:00,Annual,Number per inhabitant,Finland,2011,4.20,b
ESTAT:HLTH_HC_PHYS2(1.0),12/07/23 11:00:00,Annual,Number per inhabitant,Finland,2012,4.20,
ESTAT:HLTH_HC_PHYS2(1.0),12/07/23 11:00:00,Annual,Number per inhabitant,Finland,2013,4.20,
ESTAT:HLTH_HC_PHYS2(1.0),12/07/23 11:00:00,Annual,Number per inhabitant,Finland,2014,4.20,
ESTAT:HLTH_HC_PHYS2(1.0),12/07/23 11:00:00,Annual,Number per inhabitant,Finland,2015,4.30,
ESTAT:HLTH_HC_PHYS2(1.0),12/07/23 11:00:00,Annual,Number per inhabitant,Finland,2016,4.30,
ESTAT:HLTH_HC_PHYS2(1.0),12/07/23 11:00:00,Annual,Number per inhabitant,Finland,2017,4.40,
ESTAT:HLTH_HC_PHYS2(1.0),12/07/23 11:00:00,Annual,Number per inhabitant,Finland,2018,4.40,
ESTAT:HLTH_HC_PHYS2(1.0),12/07/23 11:00:00,Annual,Number per inhabitant,Finland,2019,4.40,
ESTAT:HLTH_HC_PHYS2(1.0),12/07/23 11:00:00,Annual,Number per inhabitant,Finland,2020,4.00,
ESTAT:HLTH_HC_PHYS2(1.0),12/07/23 11:00:00,Annual,Number per inhabitant,Finland,2021,4.10,
ESTAT:HLTH_HC_PHYS2(1.0),12/07/23 11:00:00,Annual,Number per inhabitant,France,1980,4.20,
ESTAT:HLTH_HC_PHYS2(1.0),12/07/23 11:00:00,Annual,Number per inhabitant,France,1981,4.40,
ESTAT:HLTH_HC_PHYS2(1.0),12/07/23 11:00:00,Annual,Number per inhabitant,France,1982,4.60,
ESTAT:HLTH_HC_PHYS2(1.0),12/07/23 11:00:00,Annual,Number per inhabitant,France,1983,4.80,
ESTAT:HLTH_HC_PHYS2(1.0),12/07/23 11:00:00,Annual,Number per inhabitant,France,1984,4.80,
ESTAT:HLTH_HC_PHYS2(1.0),12/07/23 11:00:00,Annual,Number per inhabitant,France,1985,5.20,
ESTAT:HLTH_HC_PHYS2(1.0),12/07/23 11:00:00,Annual,Number per inhabitant,France,1986,5.40,
ESTAT:HLTH_HC_PHYS2(1.0),12/07/23 11:00:00,Annual,Number per inhabitant,France,1987,5.40,
ESTAT:HLTH_HC_PHYS2(1.0),12/07/23 11:00:00,Annual,Number per inhabitant,France,1988,5.60,
ESTAT:HLTH_HC_PHYS2(1.0),12/07/23 11:00:00,Annual,Number per inhabitant,France,1989,5.70,
ESTAT:HLTH_HC_PHYS2(1.0),12/07/23 11:00:00,Annual,Number per inhabitant,France,1990,5.90,
ESTAT:HLTH_HC_PHYS2(1.0),12/07/23 11:00:00,Annual,Number per inhabitant,France,1991,6.10,
ESTAT:HLTH_HC_PHYS2(1.0),12/07/23 11:00:00,Annual,Number per inhabitant,France,1992,6.20,
ESTAT:HLTH_HC_PHYS2(1.0),12/07/23 11:00:00,Annual,Number per inhabitant,France,1993,6.30,
ESTAT:HLTH_HC_PHYS2(1.0),12/07/23 11:00:00,Annual,Number per inhabitant,France,1994,6.40,
ESTAT:HLTH_HC_PHYS2(1.0),12/07/23 11:00:00,Annual,Number per inhabitant,France,1995,6.40,
ESTAT:HLTH_HC_PHYS2(1.0),12/07/23 11:00:00,Annual,Number per inhabitant,France,1996,6.50,
ESTAT:HLTH_HC_PHYS2(1.0),12/07/23 11:00:00,Annual,Number per inhabitant,France,1997,6.50,
ESTAT:HLTH_HC_PHYS2(1.0),12/07/23 11:00:00,Annual,Number per inhabitant,France,1998,6.60,
ESTAT:HLTH_HC_PHYS2(1.0),12/07/23 11:00:00,Annual,Number per inhabitant,France,1999,6.60,
ESTAT:HLTH_HC_PHYS2(1.0),12/07/23 11:00:00,Annual,Number per inhabitant,France,2000,6.90,b
ESTAT:HLTH_HC_PHYS2(1.0),12/07/23 11:00:00,Annual,Number per inhabitant,France,2001,7.40,b
ESTAT:HLTH_HC_PHYS2(1.0),12/07/23 11:00:00,Annual,Number per inhabitant,France,2002,7.30,
ESTAT:HLTH_HC_PHYS2(1.0),12/07/23 11:00:00,Annual,Number per inhabitant,France,2003,7.20,
ESTAT:HLTH_HC_PHYS2(1.0),12/07/23 11:00:00,Annual,Number per inhabitant,France,2004,7.00,
ESTAT:HLTH_HC_PHYS2(1.0),12/07/23 11:00:00,Annual,Number per inhabitant,France,2005,7.00,
ESTAT:HLTH_HC_PHYS2(1.0),12/07/23 11:00:00,Annual,Number per inhabitant,France,2006,6.80,
ESTAT:HLTH_HC_PHYS2(1.0),12/07/23 11:00:00,Annual,Number per inhabitant,France,2007,6.80,
ESTAT:HLTH_HC_PHYS2(1.0),12/07/23 11:00:00,Annual,Number per inhabitant,France,2008,6.70,
ESTAT:HLTH_HC_PHYS2(1.0),12/07/23 11:00:00,Annual,Number per inhabitant,France,2009,6.70,
ESTAT:HLTH_HC_PHYS2(1.0),12/07/23 11:00:00,Annual,Number per inhabitant,France,2010,6.70,
ESTAT:HLTH_HC_PHYS2(1.0),12/07/23 11:00:00,Annual,Number per inhabitant,France,2011,6.80,
ESTAT:HLTH_HC_PHYS2(1.0),12/07/23 11:00:00,Annual,Number per inhabitant,France,2012,6.70,
ESTAT:HLTH_HC_PHYS2(1.0),12/07/23 11:00:00,Annual,Number per inhabitant,France,2013,6.40,b
ESTAT:HLTH_HC_PHYS2(1.0),12/07/23 11:00:00,Annual,Number per inhabitant,France,2014,6.30,
ESTAT:HLTH_HC_PHYS2(1.0),12/07/23 11:00:00,Annual,Number per inhabitant,France,2015,6.20,
ESTAT:HLTH_HC_PHYS2(1.0),12/07/23 11:00:00,Annual,Number per inhabitant,France,2016,6.20,
ESTAT:HLTH_HC_PHYS2(1.0),12/07/23 11:00:00,Annual,Number per inhabitant,France,2017,6.00,
ESTAT:HLTH_HC_PHYS2(1.0),12/07/23 11:00:00,Annual,Number per inhabitant,France,2018,5.90,
ESTAT:HLTH_HC_PHYS2(1.0),12/07/23 11:00:00,Annual,Number per inhabitant,France,2019,5.90,
ESTAT:HLTH_HC_PHYS2(1.0),12/07/23 11:00:00,Annual,Number per inhabitant,France,2020,5.00,
ESTAT:HLTH_HC_PHYS2(1.0),12/07/23 11:00:00,Annual,Number per inhabitant,France,2021,5.50,
ESTAT:HLTH_HC_PHYS2(1.0),12/07/23 11:00:00,Annual,Number per inhabitant,Croatia,1980,6.89,
ESTAT:HLTH_HC_PHYS2(1.0),12/07/23 11:00:00,Annual,Number per inhabitant,Croatia,1985,7.90,
ESTAT:HLTH_HC_PHYS2(1.0),12/07/23 11:00:00,Annual,Number per inhabitant,Croatia,1986,8.05,
ESTAT:HLTH_HC_PHYS2(1.0),12/07/23 11:00:00,Annual,Number per inhabitant,Croatia,1987,6.43,
ESTAT:HLTH_HC_PHYS2(1.0),12/07/23 11:00:00,Annual,Number per inhabitant,Croatia,1988,8.15,
ESTAT:HLTH_HC_PHYS2(1.0),12/07/23 11:00:00,Annual,Number per inhabitant,Croatia,1989,8.12,
ESTAT:HLTH_HC_PHYS2(1.0),12/07/23 11:00:00,Annual,Number per inhabitant,Croatia,1990,8.24,
ESTAT:HLTH_HC_PHYS2(1.0),12/07/23 11:00:00,Annual,Number per inhabitant,Croatia,1991,5.77,
ESTAT:HLTH_HC_PHYS2(1.0),12/07/23 11:00:00,Annual,Number per inhabitant,Croatia,1992,4.44,
ESTAT:HLTH_HC_PHYS2(1.0),12/07/23 11:00:00,Annual,Number per inhabitant,Croatia,1993,5.75,
ESTAT:HLTH_HC_PHYS2(1.0),12/07/23 11:00:00,Annual,Number per inhabitant,Croatia,1994,5.82,
ESTAT:HLTH_HC_PHYS2(1.0),12/07/23 11:00:00,Annual,Number per inhabitant,Croatia,1995,4.80,
ESTAT:HLTH_HC_PHYS2(1.0),12/07/23 11:00:00,Annual,Number per inhabitant,Croatia,1996,5.76,
ESTAT:HLTH_HC_PHYS2(1.0),12/07/23 11:00:00,Annual,Number per inhabitant,Croatia,1997,6.08,
ESTAT:HLTH_HC_PHYS2(1.0),12/07/23 11:00:00,Annual,Number per inhabitant,Croatia,1998,6.51,
ESTAT:HLTH_HC_PHYS2(1.0),12/07/23 11:00:00,Annual,Number per inhabitant,Croatia,1999,6.61,
ESTAT:HLTH_HC_PHYS2(1.0),12/07/23 11:00:00,Annual,Number per inhabitant,Croatia,2000,7.00,
ESTAT:HLTH_HC_PHYS2(1.0),12/07/23 11:00:00,Annual,Number per inhabitant,Croatia,2001,7.46,
ESTAT:HLTH_HC_PHYS2(1.0),12/07/23 11:00:00,Annual,Number per inhabitant,Croatia,2002,7.49,
ESTAT:HLTH_HC_PHYS2(1.0),12/07/23 11:00:00,Annual,Number per inhabitant,Croatia,2003,7.58,
ESTAT:HLTH_HC_PHYS2(1.0),12/07/23 11:00:00,Annual,Number per inhabitant,Croatia,2004,7.59,
ESTAT:HLTH_HC_PHYS2(1.0),12/07/23 11:00:00,Annual,Number per inhabitant,Croatia,2005,6.92,
ESTAT:HLTH_HC_PHYS2(1.0),12/07/23 11:00:00,Annual,Number per inhabitant,Croatia,2006,6.43,
ESTAT:HLTH_HC_PHYS2(1.0),12/07/23 11:00:00,Annual,Number per inhabitant,Croatia,2007,6.37,
ESTAT:HLTH_HC_PHYS2(1.0),12/07/23 11:00:00,Annual,Number per inhabitant,Croatia,2008,5.95,
ESTAT:HLTH_HC_PHYS2(1.0),12/07/23 11:00:00,Annual,Number per inhabitant,Croatia,2009,6.36,
ESTAT:HLTH_HC_PHYS2(1.0),12/07/23 11:00:00,Annual,Number per inhabitant,Croatia,2010,6.07,
ESTAT:HLTH_HC_PHYS2(1.0),12/07/23 11:00:00,Annual,Number per inhabitant,Croatia,2011,6.01,
ESTAT:HLTH_HC_PHYS2(1.0),12/07/23 11:00:00,Annual,Number per inhabitant,Croatia,2012,6.85,
ESTAT:HLTH_HC_PHYS2(1.0),12/07/23 11:00:00,Annual,Number per inhabitant,Croatia,2013,6.08,
ESTAT:HLTH_HC_PHYS2(1.0),12/07/23 11:00:00,Annual,Number per inhabitant,Croatia,2014,6.26,
ESTAT:HLTH_HC_PHYS2(1.0),12/07/23 11:00:00,Annual,Number per inhabitant,Croatia,2015,6.80,
ESTAT:HLTH_HC_PHYS2(1.0),12/07/23 11:00:00,Annual,Number per inhabitant,Croatia,2016,6.35,
ESTAT:HLTH_HC_PHYS2(1.0),12/07/23 11:00:00,Annual,Number per inhabitant,Croatia,2017,6.47,
ESTAT:HLTH_HC_PHYS2(1.0),12/07/23 11:00:00,Annual,Number per inhabitant,Croatia,2018,6.73,
ESTAT:HLTH_HC_PHYS2(1.0),12/07/23 11:00:00,Annual,Number per inhabitant,Croatia,2019,6.50,
ESTAT:HLTH_HC_PHYS2(1.0),12/07/23 11:00:00,Annual,Number per inhabitant,Croatia,2020,5.07,
ESTAT:HLTH_HC_PHYS2(1.0),12/07/23 11:00:00,Annual,Number per inhabitant,Croatia,2021,5.98,
ESTAT:HLTH_HC_PHYS2(1.0),12/07/23 11:00:00,Annual,Number per inhabitant,Hungary,1975,11.10,
ESTAT:HLTH_HC_PHYS2(1.0),12/07/23 11:00:00,Annual,Number per inhabitant,Hungary,1976,10.60,
ESTAT:HLTH_HC_PHYS2(1.0),12/07/23 11:00:00,Annual,Number per inhabitant,Hungary,1977,10.30,
ESTAT:HLTH_HC_PHYS2(1.0),12/07/23 11:00:00,Annual,Number per inhabitant,Hungary,1978,10.30,
ESTAT:HLTH_HC_PHYS2(1.0),12/07/23 11:00:00,Annual,Number per inhabitant,Hungary,1979,10.40,
ESTAT:HLTH_HC_PHYS2(1.0),12/07/23 11:00:00,Annual,Number per inhabitant,Hungary,1980,10.50,
ESTAT:HLTH_HC_PHYS2(1.0),12/07/23 11:00:00,Annual,Number per inhabitant,Hungary,1981,10.60,
ESTAT:HLTH_HC_PHYS2(1.0),12/07/23 11:00:00,Annual,Number per inhabitant,Hungary,1982,10.60,
ESTAT:HLTH_HC_PHYS2(1.0),12/07/23 11:00:00,Annual,Number per inhabitant,Hungary,1983,10.80,
ESTAT:HLTH_HC_PHYS2(1.0),12/07/23 11:00:00,Annual,Number per inhabitant,Hungary,1984,10.90,
ESTAT:HLTH_HC_PHYS2(1.0),12/07/23 11:00:00,Annual,Number per inhabitant,Hungary,1985,11.00,
ESTAT:HLTH_HC_PHYS2(1.0),12/07/23 11:00:00,Annual,Number per inhabitant,Hungary,1986,11.40,
ESTAT:HLTH_HC_PHYS2(1.0),12/07/23 11:00:00,Annual,Number per inhabitant,Hungary,1987,11.10,
ESTAT:HLTH_HC_PHYS2(1.0),12/07/23 11:00:00,Annual,Number per inhabitant,Hungary,1988,11.50,
ESTAT:HLTH_HC_PHYS2(1.0),12/07/23 11:00:00,Annual,Number per inhabitant,Hungary,1989,11.70,
ESTAT:HLTH_HC_PHYS2(1.0),12/07/23 11:00:00,Annual,Number per inhabitant,Hungary,1990,13.17,
ESTAT:HLTH_HC_PHYS2(1.0),12/07/23 11:00:00,Annual,Number per inhabitant,Hungary,1991,13.27,
ESTAT:HLTH_HC_PHYS2(1.0),12/07/23 11:00:00,Annual,Number per inhabitant,Hungary,1992,13.75,
ESTAT:HLTH_HC_PHYS2(1.0),12/07/23 11:00:00,Annual,Number per inhabitant,Hungary,1993,13.44,
ESTAT:HLTH_HC_PHYS2(1.0),12/07/23 11:00:00,Annual,Number per inhabitant,Hungary,1994,9.80,b
ESTAT:HLTH_HC_PHYS2(1.0),12/07/23 11:00:00,Annual,Number per inhabitant,Hungary,1995,9.87,
ESTAT:HLTH_HC_PHYS2(1.0),12/07/23 11:00:00,Annual,Number per inhabitant,Hungary,1996,9.85,
ESTAT:HLTH_HC_PHYS2(1.0),12/07/23 11:00:00,Annual,Number per inhabitant,Hungary,1997,10.50,
ESTAT:HLTH_HC_PHYS2(1.0),12/07/23 11:00:00,Annual,Number per inhabitant,Hungary,1998,9.93,
ESTAT:HLTH_HC_PHYS2(1.0),12/07/23 11:00:00,Annual,Number per inhabitant,Hungary,1999,10.24,
ESTAT:HLTH_HC_PHYS2(1.0),12/07/23 11:00:00,Annual,Number per inhabitant,Hungary,2000,10.45,
ESTAT:HLTH_HC_PHYS2(1.0),12/07/23 11:00:00,Annual,Number per inhabitant,Hungary,2001,10.46,
ESTAT:HLTH_HC_PHYS2(1.0),12/07/23 11:00:00,Annual,Number per inhabitant,Hungary,2002,10.96,
ESTAT:HLTH_HC_PHYS2(1.0),12/07/23 11:00:00,Annual,Number per inhabitant,Hungary,2003,11.25,
ESTAT:HLTH_HC_PHYS2(1.0),12/07/23 11:00:00,Annual,Number per inhabitant,Hungary,2004,11.55,
ESTAT:HLTH_HC_PHYS2(1.0),12/07/23 11:00:00,Annual,Number per inhabitant,Hungary,2005,11.84,
ESTAT:HLTH_HC_PHYS2(1.0),12/07/23 11:00:00,Annual,Number per inhabitant,Hungary,2006,11.85,
ESTAT:HLTH_HC_PHYS2(1.0),12/07/23 11:00:00,Annual,Number per inhabitant,Hungary,2007,9.96,b
ESTAT:HLTH_HC_PHYS2(1.0),12/07/23 11:00:00,Annual,Number per inhabitant,Hungary,2008,10.38,
ESTAT:HLTH_HC_PHYS2(1.0),12/07/23 11:00:00,Annual,Number per inhabitant,Hungary,2009,10.98,
ESTAT:HLTH_HC_PHYS2(1.0),12/07/23 11:00:00,Annual,Number per inhabitant,Hungary,2010,10.98,
ESTAT:HLTH_HC_PHYS2(1.0),12/07/23 11:00:00,Annual,Number per inhabitant,Hungary,2011,11.14,
ESTAT:HLTH_HC_PHYS2(1.0),12/07/23 11:00:00,Annual,Number per inhabitant,Hungary,2012,11.08,
ESTAT:HLTH_HC_PHYS2(1.0),12/07/23 11:00:00,Annual,Number per inhabitant,Hungary,2013,11.05,
ESTAT:HLTH_HC_PHYS2(1.0),12/07/23 11:00:00,Annual,Number per inhabitant,Hungary,2014,11.09,
ESTAT:HLTH_HC_PHYS2(1.0),12/07/23 11:00:00,Annual,Number per inhabitant,Hungary,2015,11.07,
ESTAT:HLTH_HC_PHYS2(1.0),12/07/23 11:00:00,Annual,Number per inhabitant,Hungary,2016,11.06,
ESTAT:HLTH_HC_PHYS2(1.0),12/07/23 11:00:00,Annual,Number per inhabitant,Hungary,2017,10.90,
ESTAT:HLTH_HC_PHYS2(1.0),12/07/23 11:00:00,Annual,Number per inhabitant,Hungary,2018,10.66,
ESTAT:HLTH_HC_PHYS2(1.0),12/07/23 11:00:00,Annual,Number per inhabitant,Hungary,2019,10.73,
ESTAT:HLTH_HC_PHYS2(1.0),12/07/23 11:00:00,Annual,Number per inhabitant,Hungary,2020,9.43,
ESTAT:HLTH_HC_PHYS2(1.0),12/07/23 11:00:00,Annual,Number per inhabitant,Hungary,2021,9.45,
ESTAT:HLTH_HC_PHYS2(1.0),12/07/23 11:00:00,Annual,Number per inhabitant,Ireland,2007,3.28,
ESTAT:HLTH_HC_PHYS2(1.0),12/07/23 11:00:00,Annual,Number per inhabitant,Ireland,2010,3.80,
ESTAT:HLTH_HC_PHYS2(1.0),12/07/23 11:00:00,Annual,Number per inhabitant,Ireland,2015,5.70,bd
ESTAT:HLTH_HC_PHYS2(1.0),12/07/23 11:00:00,Annual,Number per inhabitant,Ireland,2016,5.70,d
ESTAT:HLTH_HC_PHYS2(1.0),12/07/23 11:00:00,Annual,Number per inhabitant,Ireland,2017,5.72,de
ESTAT:HLTH_HC_PHYS2(1.0),12/07/23 11:00:00,Annual,Number per inhabitant,Ireland,2018,5.04,de
ESTAT:HLTH_HC_PHYS2(1.0),12/07/23 11:00:00,Annual,Number per inhabitant,Ireland,2019,5.76,de
ESTAT:HLTH_HC_PHYS2(1.0),12/07/23 11:00:00,Annual,Number per inhabitant,Iceland,1989,5.10,
ESTAT:HLTH_HC_PHYS2(1.0),12/07/23 11:00:00,Annual,Number per inhabitant,Iceland,1990,5.10,
ESTAT:HLTH_HC_PHYS2(1.0),12/07/23 11:00:00,Annual,Number per inhabitant,Iceland,1991,5.20,
ESTAT:HLTH_HC_PHYS2(1.0),12/07/23 11:00:00,Annual,Number per inhabitant,Iceland,1992,4.90,
ESTAT:HLTH_HC_PHYS2(1.0),12/07/23 11:00:00,Annual,Number per inhabitant,Iceland,1993,4.90,
ESTAT:HLTH_HC_PHYS2(1.0),12/07/23 11:00:00,Annual,Number per inhabitant,Iceland,1994,4.90,
ESTAT:HLTH_HC_PHYS2(1.0),12/07/23 11:00:00,Annual,Number per inhabitant,Iceland,1995,5.10,
ESTAT:HLTH_HC_PHYS2(1.0),12/07/23 11:00:00,Annual,Number per inhabitant,Iceland,1996,5.20,
ESTAT:HLTH_HC_PHYS2(1.0),12/07/23 11:00:00,Annual,Number per inhabitant,Iceland,1997,5.20,
ESTAT:HLTH_HC_PHYS2(1.0),12/07/23 11:00:00,Annual,Number per inhabitant,Iceland,1998,5.10,
ESTAT:HLTH_HC_PHYS2(1.0),12/07/23 11:00:00,Annual,Number per inhabitant,Iceland,1999,5.60,
ESTAT:HLTH_HC_PHYS2(1.0),12/07/23 11:00:00,Annual,Number per inhabitant,Iceland,2000,5.80,
ESTAT:HLTH_HC_PHYS2(1.0),12/07/23 11:00:00,Annual,Number per inhabitant,Iceland,2001,5.90,
ESTAT:HLTH_HC_PHYS2(1.0),12/07/23 11:00:00,Annual,Number per inhabitant,Iceland,2002,6.10,
ESTAT:HLTH_HC_PHYS2(1.0),12/07/23 11:00:00,Annual,Number per inhabitant,Iceland,2003,6.20,
ESTAT:HLTH_HC_PHYS2(1.0),12/07/23 11:00:00,Annual,Number per inhabitant,Iceland,2004,6.30,
ESTAT:HLTH_HC_PHYS2(1.0),12/07/23 11:00:00,Annual,Number per inhabitant,Iceland,2005,6.50,
ESTAT:HLTH_HC_PHYS2(1.0),12/07/23 11:00:00,Annual,Number per inhabitant,Iceland,2006,6.30,
ESTAT:HLTH_HC_PHYS2(1.0),12/07/23 11:00:00,Annual,Number per inhabitant,Iceland,2007,6.50,
ESTAT:HLTH_HC_PHYS2(1.0),12/07/23 11:00:00,Annual,Number per inhabitant,Iceland,2008,6.40,b
ESTAT:HLTH_HC_PHYS2(1.0),12/07/23 11:00:00,Annual,Number per inhabitant,Iceland,2009,6.40,
ESTAT:HLTH_HC_PHYS2(1.0),12/07/23 11:00:00,Annual,Number per inhabitant,Iceland,2010,6.10,
ESTAT:HLTH_HC_PHYS2(1.0),12/07/23 11:00:00,Annual,Number per inhabitant,Iceland,2011,6.10,
ESTAT:HLTH_HC_PHYS2(1.0),12/07/23 11:00:00,Annual,Number per inhabitant,Iceland,2012,5.90,
ESTAT:HLTH_HC_PHYS2(1.0),12/07/23 11:00:00,Annual,Number per inhabitant,Iceland,2013,6.00,
ESTAT:HLTH_HC_PHYS2(1.0),12/07/23 11:00:00,Annual,Number per inhabitant,Iceland,2014,5.90,
ESTAT:HLTH_HC_PHYS2(1.0),12/07/23 11:00:00,Annual,Number per inhabitant,Italy,1991,6.80,
ESTAT:HLTH_HC_PHYS2(1.0),12/07/23 11:00:00,Annual,Number per inhabitant,Italy,1994,6.60,
ESTAT:HLTH_HC_PHYS2(1.0),12/07/23 11:00:00,Annual,Number per inhabitant,Italy,1999,6.00,
ESTAT:HLTH_HC_PHYS2(1.0),12/07/23 11:00:00,Annual,Number per inhabitant,Italy,2000,6.10,
ESTAT:HLTH_HC_PHYS2(1.0),12/07/23 11:00:00,Annual,Number per inhabitant,Italy,2005,6.10,
ESTAT:HLTH_HC_PHYS2(1.0),12/07/23 11:00:00,Annual,Number per inhabitant,Italy,2013,6.80,
ESTAT:HLTH_HC_PHYS2(1.0),12/07/23 11:00:00,Annual,Number per inhabitant,Italy,2014,9.80,be
ESTAT:HLTH_HC_PHYS2(1.0),12/07/23 11:00:00,Annual,Number per inhabitant,Italy,2015,9.60,e
ESTAT:HLTH_HC_PHYS2(1.0),12/07/23 11:00:00,Annual,Number per inhabitant,Italy,2016,9.90,e
ESTAT:HLTH_HC_PHYS2(1.0),12/07/23 11:00:00,Annual,Number per inhabitant,Italy,2017,10.10,e
ESTAT:HLTH_HC_PHYS2(1.0),12/07/23 11:00:00,Annual,Number per inhabitant,Italy,2018,10.30,e
ESTAT:HLTH_HC_PHYS2(1.0),12/07/23 11:00:00,Annual,Number per inhabitant,Italy,2019,10.40,e
ESTAT:HLTH_HC_PHYS2(1.0),12/07/23 11:00:00,Annual,Number per inhabitant,Italy,2020,5.20,e
ESTAT:HLTH_HC_PHYS2(1.0),12/07/23 11:00:00,Annual,Number per inhabitant,Italy,2021,5.30,e
ESTAT:HLTH_HC_PHYS2(1.0),12/07/23 11:00:00,Annual,Number per inhabitant,Liechtenstein,2009,9.00,d
ESTAT:HLTH_HC_PHYS2(1.0),12/07/23 11:00:00,Annual,Number per inhabitant,Liechtenstein,2010,9.10,d
ESTAT:HLTH_HC_PHYS2(1.0),12/07/23 11:00:00,Annual,Number per inhabitant,Liechtenstein,2011,9.30,d
ESTAT:HLTH_HC_PHYS2(1.0),12/07/23 11:00:00,Annual,Number per inhabitant,Liechtenstein,2012,9.20,d
ESTAT:HLTH_HC_PHYS2(1.0),12/07/23 11:00:00,Annual,Number per inhabitant,Liechtenstein,2014,8.20,d
ESTAT:HLTH_HC_PHYS2(1.0),12/07/23 11:00:00,Annual,Number per inhabitant,Liechtenstein,2015,8.10,d
ESTAT:HLTH_HC_PHYS2(1.0),12/07/23 11:00:00,Annual,Number per inhabitant,Liechtenstein,2016,8.00,d
ESTAT:HLTH_HC_PHYS2(1.0),12/07/23 11:00:00,Annual,Number per inhabitant,Liechtenstein,2017,9.00,d
ESTAT:HLTH_HC_PHYS2(1.0),12/07/23 11:00:00,Annual,Number per inhabitant,Liechtenstein,2018,10.30,d
ESTAT:HLTH_HC_PHYS2(1.0),12/07/23 11:00:00,Annual,Number per inhabitant,Liechtenstein,2019,10.50,d
ESTAT:HLTH_HC_PHYS2(1.0),12/07/23 11:00:00,Annual,Number per inhabitant,Liechtenstein,2020,8.50,d
ESTAT:HLTH_HC_PHYS2(1.0),12/07/23 11:00:00,Annual,Number per inhabitant,Liechtenstein,2021,8.70,d
ESTAT:HLTH_HC_PHYS2(1.0),12/07/23 11:00:00,Annual,Number per inhabitant,Lithuania,1980,9.10,
ESTAT:HLTH_HC_PHYS2(1.0),12/07/23 11:00:00,Annual,Number per inhabitant,Lithuania,1985,13.20,
ESTAT:HLTH_HC_PHYS2(1.0),12/07/23 11:00:00,Annual,Number per inhabitant,Lithuania,1986,10.70,
ESTAT:HLTH_HC_PHYS2(1.0),12/07/23 11:00:00,Annual,Number per inhabitant,Lithuania,1987,9.90,
ESTAT:HLTH_HC_PHYS2(1.0),12/07/23 11:00:00,Annual,Number per inhabitant,Lithuania,1988,9.50,
ESTAT:HLTH_HC_PHYS2(1.0),12/07/23 11:00:00,Annual,Number per inhabitant,Lithuania,1989,8.50,
ESTAT:HLTH_HC_PHYS2(1.0),12/07/23 11:00:00,Annual,Number per inhabitant,Lithuania,1990,9.60,
ESTAT:HLTH_HC_PHYS2(1.0),12/07/23 11:00:00,Annual,Number per inhabitant,Lithuania,1991,9.50,
ESTAT:HLTH_HC_PHYS2(1.0),12/07/23 11:00:00,Annual,Number per inhabitant,Lithuania,1992,8.70,
ESTAT:HLTH_HC_PHYS2(1.0),12/07/23 11:00:00,Annual,Number per inhabitant,Lithuania,1993,8.20,
ESTAT:HLTH_HC_PHYS2(1.0),12/07/23 11:00:00,Annual,Number per inhabitant,Lithuania,1994,7.70,
ESTAT:HLTH_HC_PHYS2(1.0),12/07/23 11:00:00,Annual,Number per inhabitant,Lithuania,1995,7.10,
ESTAT:HLTH_HC_PHYS2(1.0),12/07/23 11:00:00,Annual,Number per inhabitant,Lithuania,1996,7.10,
ESTAT:HLTH_HC_PHYS2(1.0),12/07/23 11:00:00,Annual,Number per inhabitant,Lithuania,1997,7.30,
ESTAT:HLTH_HC_PHYS2(1.0),12/07/23 11:00:00,Annual,Number per inhabitant,Lithuania,1998,7.00,
ESTAT:HLTH_HC_PHYS2(1.0),12/07/23 11:00:00,Annual,Number per inhabitant,Lithuania,1999,6.80,
ESTAT:HLTH_HC_PHYS2(1.0),12/07/23 11:00:00,Annual,Number per inhabitant,Lithuania,2000,6.40,
ESTAT:HLTH_HC_PHYS2(1.0),12/07/23 11:00:00,Annual,Number per inhabitant,Lithuania,2001,6.63,
ESTAT:HLTH_HC_PHYS2(1.0),12/07/23 11:00:00,Annual,Number per inhabitant,Lithuania,2002,6.48,
ESTAT:HLTH_HC_PHYS2(1.0),12/07/23 11:00:00,Annual,Number per inhabitant,Lithuania,2003,6.56,
ESTAT:HLTH_HC_PHYS2(1.0),12/07/23 11:00:00,Annual,Number per inhabitant,Lithuania,2004,6.73,
ESTAT:HLTH_HC_PHYS2(1.0),12/07/23 11:00:00,Annual,Number per inhabitant,Lithuania,2005,6.96,
ESTAT:HLTH_HC_PHYS2(1.0),12/07/23 11:00:00,Annual,Number per inhabitant,Lithuania,2006,6.83,
ESTAT:HLTH_HC_PHYS2(1.0),12/07/23 11:00:00,Annual,Number per inhabitant,Lithuania,2007,7.15,
ESTAT:HLTH_HC_PHYS2(1.0),12/07/23 11:00:00,Annual,Number per inhabitant,Lithuania,2008,7.31,
ESTAT:HLTH_HC_PHYS2(1.0),12/07/23 11:00:00,Annual,Number per inhabitant,Lithuania,2009,7.23,
ESTAT:HLTH_HC_PHYS2(1.0),12/07/23 11:00:00,Annual,Number per inhabitant,Lithuania,2010,7.30,
ESTAT:HLTH_HC_PHYS2(1.0),12/07/23 11:00:00,Annual,Number per inhabitant,Lithuania,2011,7.65,
ESTAT:HLTH_HC_PHYS2(1.0),12/07/23 11:00:00,Annual,Number per inhabitant,Lithuania,2012,7.98,
ESTAT:HLTH_HC_PHYS2(1.0),12/07/23 11:00:00,Annual,Number per inhabitant,Lithuania,2013,8.11,
ESTAT:HLTH_HC_PHYS2(1.0),12/07/23 11:00:00,Annual,Number per inhabitant,Lithuania,2014,8.63,
ESTAT:HLTH_HC_PHYS2(1.0),12/07/23 11:00:00,Annual,Number per inhabitant,Lithuania,2015,8.82,
ESTAT:HLTH_HC_PHYS2(1.0),12/07/23 11:00:00,Annual,Number per inhabitant,Lithuania,2016,9.20,
ESTAT:HLTH_HC_PHYS2(1.0),12/07/23 11:00:00,Annual,Number per inhabitant,Lithuania,2017,9.50,
ESTAT:HLTH_HC_PHYS2(1.0),12/07/23 11:00:00,Annual,Number per inhabitant,Lithuania,2018,9.85,
ESTAT:HLTH_HC_PHYS2(1.0),12/07/23 11:00:00,Annual,Number per inhabitant,Lithuania,2019,9.54,
ESTAT:HLTH_HC_PHYS2(1.0),12/07/23 11:00:00,Annual,Number per inhabitant,Lithuania,2020,6.12,
ESTAT:HLTH_HC_PHYS2(1.0),12/07/23 11:00:00,Annual,Number per inhabitant,Lithuania,2021,6.48,
ESTAT:HLTH_HC_PHYS2(1.0),12/07/23 11:00:00,Annual,Number per inhabitant,Luxembourg,2003,6.12,
ESTAT:HLTH_HC_PHYS2(1.0),12/07/23 11:00:00,Annual,Number per inhabitant,Luxembourg,2004,5.95,
ESTAT:HLTH_HC_PHYS2(1.0),12/07/23 11:00:00,Annual,Number per inhabitant,Luxembourg,2005,6.01,
ESTAT:HLTH_HC_PHYS2(1.0),12/07/23 11:00:00,Annual,Number per inhabitant,Luxembourg,2006,5.91,
ESTAT:HLTH_HC_PHYS2(1.0),12/07/23 11:00:00,Annual,Number per inhabitant,Luxembourg,2007,5.96,
ESTAT:HLTH_HC_PHYS2(1.0),12/07/23 11:00:00,Annual,Number per inhabitant,Luxembourg,2008,6.03,
ESTAT:HLTH_HC_PHYS2(1.0),12/07/23 11:00:00,Annual,Number per inhabitant,Luxembourg,2009,6.09,b
ESTAT:HLTH_HC_PHYS2(1.0),12/07/23 11:00:00,Annual,Number per inhabitant,Luxembourg,2010,5.84,
ESTAT:HLTH_HC_PHYS2(1.0),12/07/23 11:00:00,Annual,Number per inhabitant,Luxembourg,2011,5.98,
ESTAT:HLTH_HC_PHYS2(1.0),12/07/23 11:00:00,Annual,Number per inhabitant,Luxembourg,2012,5.97,
ESTAT:HLTH_HC_PHYS2(1.0),12/07/23 11:00:00,Annual,Number per inhabitant,Luxembourg,2013,5.94,
ESTAT:HLTH_HC_PHYS2(1.0),12/07/23 11:00:00,Annual,Number per inhabitant,Luxembourg,2014,5.90,
ESTAT:HLTH_HC_PHYS2(1.0),12/07/23 11:00:00,Annual,Number per inhabitant,Luxembourg,2015,5.87,
ESTAT:HLTH_HC_PHYS2(1.0),12/07/23 11:00:00,Annual,Number per inhabitant,Luxembourg,2016,5.95,
ESTAT:HLTH_HC_PHYS2(1.0),12/07/23 11:00:00,Annual,Number per inhabitant,Luxembourg,2017,5.73,
ESTAT:HLTH_HC_PHYS2(1.0),12/07/23 11:00:00,Annual,Number per inhabitant,Luxembourg,2018,5.78,
ESTAT:HLTH_HC_PHYS2(1.0),12/07/23 11:00:00,Annual,Number per inhabitant,Luxembourg,2019,5.56,
ESTAT:HLTH_HC_PHYS2(1.0),12/07/23 11:00:00,Annual,Number per inhabitant,Luxembourg,2020,4.41,
ESTAT:HLTH_HC_PHYS2(1.0),12/07/23 11:00:00,Annual,Number per inhabitant,Luxembourg,2021,4.80,p
ESTAT:HLTH_HC_PHYS2(1.0),12/07/23 11:00:00,Annual,Number per inhabitant,Latvia,1980,9.80,
ESTAT:HLTH_HC_PHYS2(1.0),12/07/23 11:00:00,Annual,Number per inhabitant,Latvia,1981,9.80,
ESTAT:HLTH_HC_PHYS2(1.0),12/07/23 11:00:00,Annual,Number per inhabitant,Latvia,1982,10.10,
ESTAT:HLTH_HC_PHYS2(1.0),12/07/23 11:00:00,Annual,Number per inhabitant,Latvia,1983,10.30,
ESTAT:HLTH_HC_PHYS2(1.0),12/07/23 11:00:00,Annual,Number per inhabitant,Latvia,1984,10.40,
ESTAT:HLTH_HC_PHYS2(1.0),12/07/23 11:00:00,Annual,Number per inhabitant,Latvia,1985,10.40,
ESTAT:HLTH_HC_PHYS2(1.0),12/07/23 11:00:00,Annual,Number per inhabitant,Latvia,1986,10.60,
ESTAT:HLTH_HC_PHYS2(1.0),12/07/23 11:00:00,Annual,Number per inhabitant,Latvia,1987,10.00,
ESTAT:HLTH_HC_PHYS2(1.0),12/07/23 11:00:00,Annual,Number per inhabitant,Latvia,1988,9.40,
ESTAT:HLTH_HC_PHYS2(1.0),12/07/23 11:00:00,Annual,Number per inhabitant,Latvia,1989,8.50,
ESTAT:HLTH_HC_PHYS2(1.0),12/07/23 11:00:00,Annual,Number per inhabitant,Latvia,1990,8.10,
ESTAT:HLTH_HC_PHYS2(1.0),12/07/23 11:00:00,Annual,Number per inhabitant,Latvia,1991,7.40,
ESTAT:HLTH_HC_PHYS2(1.0),12/07/23 11:00:00,Annual,Number per inhabitant,Latvia,1992,6.10,
ESTAT:HLTH_HC_PHYS2(1.0),12/07/23 11:00:00,Annual,Number per inhabitant,Latvia,1993,5.20,
ESTAT:HLTH_HC_PHYS2(1.0),12/07/23 11:00:00,Annual,Number per inhabitant,Latvia,1994,5.10,
ESTAT:HLTH_HC_PHYS2(1.0),12/07/23 11:00:00,Annual,Number per inhabitant,Latvia,1995,4.80,
ESTAT:HLTH_HC_PHYS2(1.0),12/07/23 11:00:00,Annual,Number per inhabitant,Latvia,1996,4.30,
ESTAT:HLTH_HC_PHYS2(1.0),12/07/23 11:00:00,Annual,Number per inhabitant,Latvia,1997,4.50,
ESTAT:HLTH_HC_PHYS2(1.0),12/07/23 11:00:00,Annual,Number per inhabitant,Latvia,1998,4.60,
ESTAT:HLTH_HC_PHYS2(1.0),12/07/23 11:00:00,Annual,Number per inhabitant,Latvia,1999,4.90,
ESTAT:HLTH_HC_PHYS2(1.0),12/07/23 11:00:00,Annual,Number per inhabitant,Latvia,2000,4.80,
ESTAT:HLTH_HC_PHYS2(1.0),12/07/23 11:00:00,Annual,Number per inhabitant,Latvia,2001,4.80,
ESTAT:HLTH_HC_PHYS2(1.0),12/07/23 11:00:00,Annual,Number per inhabitant,Latvia,2002,4.60,
ESTAT:HLTH_HC_PHYS2(1.0),12/07/23 11:00:00,Annual,Number per inhabitant,Latvia,2003,4.80,
ESTAT:HLTH_HC_PHYS2(1.0),12/07/23 11:00:00,Annual,Number per inhabitant,Latvia,2004,5.10,
ESTAT:HLTH_HC_PHYS2(1.0),12/07/23 11:00:00,Annual,Number per inhabitant,Latvia,2005,5.30,
ESTAT:HLTH_HC_PHYS2(1.0),12/07/23 11:00:00,Annual,Number per inhabitant,Latvia,2006,5.60,
ESTAT:HLTH_HC_PHYS2(1.0),12/07/23 11:00:00,Annual,Number per inhabitant,Latvia,2007,6.00,
ESTAT:HLTH_HC_PHYS2(1.0),12/07/23 11:00:00,Annual,Number per inhabitant,Latvia,2008,6.20,
ESTAT:HLTH_HC_PHYS2(1.0),12/07/23 11:00:00,Annual,Number per inhabitant,Latvia,2009,5.90,
ESTAT:HLTH_HC_PHYS2(1.0),12/07/23 11:00:00,Annual,Number per inhabitant,Latvia,2010,5.90,
ESTAT:HLTH_HC_PHYS2(1.0),12/07/23 11:00:00,Annual,Number per inhabitant,Latvia,2011,6.30,
ESTAT:HLTH_HC_PHYS2(1.0),12/07/23 11:00:00,Annual,Number per inhabitant,Latvia,2012,7.00,
ESTAT:HLTH_HC_PHYS2(1.0),12/07/23 11:00:00,Annual,Number per inhabitant,Latvia,2013,6.20,
ESTAT:HLTH_HC_PHYS2(1.0),12/07/23 11:00:00,Annual,Number per inhabitant,Latvia,2014,5.80,
ESTAT:HLTH_HC_PHYS2(1.0),12/07/23 11:00:00,Annual,Number per inhabitant,Latvia,2015,5.90,
ESTAT:HLTH_HC_PHYS2(1.0),12/07/23 11:00:00,Annual,Number per inhabitant,Latvia,2016,5.90,
ESTAT:HLTH_HC_PHYS2(1.0),12/07/23 11:00:00,Annual,Number per inhabitant,Latvia,2017,6.10,
ESTAT:HLTH_HC_PHYS2(1.0),12/07/23 11:00:00,Annual,Number per inhabitant,Latvia,2018,6.00,
ESTAT:HLTH_HC_PHYS2(1.0),12/07/23 11:00:00,Annual,Number per inhabitant,Latvia,2019,6.10,
ESTAT:HLTH_HC_PHYS2(1.0),12/07/23 11:00:00,Annual,Number per inhabitant,Latvia,2020,5.10,
ESTAT:HLTH_HC_PHYS2(1.0),12/07/23 11:00:00,Annual,Number per inhabitant,Latvia,2021,6.00,
ESTAT:HLTH_HC_PHYS2(1.0),12/07/23 11:00:00,Annual,Number per inhabitant,Montenegro,2005,5.29,d
ESTAT:HLTH_HC_PHYS2(1.0),12/07/23 11:00:00,Annual,Number per inhabitant,Montenegro,2006,5.53,
ESTAT:HLTH_HC_PHYS2(1.0),12/07/23 11:00:00,Annual,Number per inhabitant,Montenegro,2007,5.63,
ESTAT:HLTH_HC_PHYS2(1.0),12/07/23 11:00:00,Annual,Number per inhabitant,Montenegro,2008,6.50,
ESTAT:HLTH_HC_PHYS2(1.0),12/07/23 11:00:00,Annual,Number per inhabitant,Montenegro,2009,5.95,
ESTAT:HLTH_HC_PHYS2(1.0),12/07/23 11:00:00,Annual,Number per inhabitant,Montenegro,2010,6.46,
ESTAT:HLTH_HC_PHYS2(1.0),12/07/23 11:00:00,Annual,Number per inhabitant,Montenegro,2011,6.88,
ESTAT:HLTH_HC_PHYS2(1.0),12/07/23 11:00:00,Annual,Number per inhabitant,Montenegro,2012,6.90,
ESTAT:HLTH_HC_PHYS2(1.0),12/07/23 11:00:00,Annual,Number per inhabitant,Montenegro,2013,7.07,
ESTAT:HLTH_HC_PHYS2(1.0),12/07/23 11:00:00,Annual,Number per inhabitant,Montenegro,2014,7.08,
ESTAT:HLTH_HC_PHYS2(1.0),12/07/23 11:00:00,Annual,Number per inhabitant,Montenegro,2015,7.25,
ESTAT:HLTH_HC_PHYS2(1.0),12/07/23 11:00:00,Annual,Number per inhabitant,Montenegro,2016,7.03,
ESTAT:HLTH_HC_PHYS2(1.0),12/07/23 11:00:00,Annual,Number per inhabitant,Montenegro,2017,7.31,d
ESTAT:HLTH_HC_PHYS2(1.0),12/07/23 11:00:00,Annual,Number per inhabitant,Montenegro,2018,7.98,b
ESTAT:HLTH_HC_PHYS2(1.0),12/07/23 11:00:00,Annual,Number per inhabitant,Montenegro,2019,8.37,
ESTAT:HLTH_HC_PHYS2(1.0),12/07/23 11:00:00,Annual,Number per inhabitant,Montenegro,2020,7.24,
ESTAT:HLTH_HC_PHYS2(1.0),12/07/23 11:00:00,Annual,Number per inhabitant,Montenegro,2021,6.53,
ESTAT:HLTH_HC_PHYS2(1.0),12/07/23 11:00:00,Annual,Number per inhabitant,North Macedonia,2014,7.50,
ESTAT:HLTH_HC_PHYS2(1.0),12/07/23 11:00:00,Annual,Number per inhabitant,North Macedonia,2015,7.50,
ESTAT:HLTH_HC_PHYS2(1.0),12/07/23 11:00:00,Annual,Number per inhabitant,North Macedonia,2016,8.90,
ESTAT:HLTH_HC_PHYS2(1.0),12/07/23 11:00:00,Annual,Number per inhabitant,North Macedonia,2017,8.80,
ESTAT:HLTH_HC_PHYS2(1.0),12/07/23 11:00:00,Annual,Number per inhabitant,North Macedonia,2018,9.50,
ESTAT:HLTH_HC_PHYS2(1.0),12/07/23 11:00:00,Annual,Number per inhabitant,North Macedonia,2019,9.30,
ESTAT:HLTH_HC_PHYS2(1.0),12/07/23 11:00:00,Annual,Number per inhabitant,North Macedonia,2020,9.10,
ESTAT:HLTH_HC_PHYS2(1.0),12/07/23 11:00:00,Annual,Number per inhabitant,North Macedonia,2021,6.90,
ESTAT:HLTH_HC_PHYS2(1.0),12/07/23 11:00:00,Annual,Number per inhabitant,Netherlands,1966,4.20,
ESTAT:HLTH_HC_PHYS2(1.0),12/07/23 11:00:00,Annual,Number per inhabitant,Netherlands,1967,4.20,
ESTAT:HLTH_HC_PHYS2(1.0),12/07/23 11:00:00,Annual,Number per inhabitant,Netherlands,1968,4.20,
ESTAT:HLTH_HC_PHYS2(1.0),12/07/23 11:00:00,Annual,Number per inhabitant,Netherlands,1980,4.90,
ESTAT:HLTH_HC_PHYS2(1.0),12/07/23 11:00:00,Annual,Number per inhabitant,Netherlands,1981,5.30,
ESTAT:HLTH_HC_PHYS2(1.0),12/07/23 11:00:00,Annual,Number per inhabitant,Netherlands,1982,5.00,
ESTAT:HLTH_HC_PHYS2(1.0),12/07/23 11:00:00,Annual,Number per inhabitant,Netherlands,1983,5.20,
ESTAT:HLTH_HC_PHYS2(1.0),12/07/23 11:00:00,Annual,Number per inhabitant,Netherlands,1984,5.10,
ESTAT:HLTH_HC_PHYS2(1.0),12/07/23 11:00:00,Annual,Number per inhabitant,Netherlands,1985,5.20,
ESTAT:HLTH_HC_PHYS2(1.0),12/07/23 11:00:00,Annual,Number per inhabitant,Netherlands,1986,5.10,
ESTAT:HLTH_HC_PHYS2(1.0),12/07/23 11:00:00,Annual,Number per inhabitant,Netherlands,1987,5.50,
ESTAT:HLTH_HC_PHYS2(1.0),12/07/23 11:00:00,Annual,Number per inhabitant,Netherlands,1988,5.20,
ESTAT:HLTH_HC_PHYS2(1.0),12/07/23 11:00:00,Annual,Number per inhabitant,Netherlands,1989,5.50,
ESTAT:HLTH_HC_PHYS2(1.0),12/07/23 11:00:00,Annual,Number per inhabitant,Netherlands,1990,5.50,
ESTAT:HLTH_HC_PHYS2(1.0),12/07/23 11:00:00,Annual,Number per inhabitant,Netherlands,1991,5.40,
ESTAT:HLTH_HC_PHYS2(1.0),12/07/23 11:00:00,Annual,Number per inhabitant,Netherlands,1992,5.90,
ESTAT:HLTH_HC_PHYS2(1.0),12/07/23 11:00:00,Annual,Number per inhabitant,Netherlands,1993,5.70,
ESTAT:HLTH_HC_PHYS2(1.0),12/07/23 11:00:00,Annual,Number per inhabitant,Netherlands,1994,5.70,
ESTAT:HLTH_HC_PHYS2(1.0),12/07/23 11:00:00,Annual,Number per inhabitant,Netherlands,1995,5.70,
ESTAT:HLTH_HC_PHYS2(1.0),12/07/23 11:00:00,Annual,Number per inhabitant,Netherlands,1996,5.40,
ESTAT:HLTH_HC_PHYS2(1.0),12/07/23 11:00:00,Annual,Number per inhabitant,Netherlands,1997,5.90,
ESTAT:HLTH_HC_PHYS2(1.0),12/07/23 11:00:00,Annual,Number per inhabitant,Netherlands,1998,5.60,
ESTAT:HLTH_HC_PHYS2(1.0),12/07/23 11:00:00,Annual,Number per inhabitant,Netherlands,1999,5.80,
ESTAT:HLTH_HC_PHYS2(1.0),12/07/23 11:00:00,Annual,Number per inhabitant,Netherlands,2000,5.90,
ESTAT:HLTH_HC_PHYS2(1.0),12/07/23 11:00:00,Annual,Number per inhabitant,Netherlands,2001,5.80,
ESTAT:HLTH_HC_PHYS2(1.0),12/07/23 11:00:00,Annual,Number per inhabitant,Netherlands,2002,5.60,
ESTAT:HLTH_HC_PHYS2(1.0),12/07/23 11:00:00,Annual,Number per inhabitant,Netherlands,2003,5.50,
ESTAT:HLTH_HC_PHYS2(1.0),12/07/23 11:00:00,Annual,Number per inhabitant,Netherlands,2004,5.30,
ESTAT:HLTH_HC_PHYS2(1.0),12/07/23 11:00:00,Annual,Number per inhabitant,Netherlands,2005,5.40,
ESTAT:HLTH_HC_PHYS2(1.0),12/07/23 11:00:00,Annual,Number per inhabitant,Netherlands,2006,5.60,
ESTAT:HLTH_HC_PHYS2(1.0),12/07/23 11:00:00,Annual,Number per inhabitant,Netherlands,2007,5.70,
ESTAT:HLTH_HC_PHYS2(1.0),12/07/23 11:00:00,Annual,Number per inhabitant,Netherlands,2008,5.90,
ESTAT:HLTH_HC_PHYS2(1.0),12/07/23 11:00:00,Annual,Number per inhabitant,Netherlands,2009,5.70,
ESTAT:HLTH_HC_PHYS2(1.0),12/07/23 11:00:00,Annual,Number per inhabitant,Netherlands,2010,6.60,bd
ESTAT:HLTH_HC_PHYS2(1.0),12/07/23 11:00:00,Annual,Number per inhabitant,Netherlands,2011,6.60,d
ESTAT:HLTH_HC_PHYS2(1.0),12/07/23 11:00:00,Annual,Number per inhabitant,Netherlands,2012,6.20,d
ESTAT:HLTH_HC_PHYS2(1.0),12/07/23 11:00:00,Annual,Number per inhabitant,Netherlands,2013,6.20,d
ESTAT:HLTH_HC_PHYS2(1.0),12/07/23 11:00:00,Annual,Number per inhabitant,Netherlands,2014,8.00,bd
ESTAT:HLTH_HC_PHYS2(1.0),12/07/23 11:00:00,Annual,Number per inhabitant,Netherlands,2015,8.20,d
ESTAT:HLTH_HC_PHYS2(1.0),12/07/23 11:00:00,Annual,Number per inhabitant,Netherlands,2016,8.80,d
ESTAT:HLTH_HC_PHYS2(1.0),12/07/23 11:00:00,Annual,Number per inhabitant,Netherlands,2017,8.30,d
ESTAT:HLTH_HC_PHYS2(1.0),12/07/23 11:00:00,Annual,Number per inhabitant,Netherlands,2018,9.00,d
ESTAT:HLTH_HC_PHYS2(1.0),12/07/23 11:00:00,Annual,Number per inhabitant,Netherlands,2019,8.80,d
ESTAT:HLTH_HC_PHYS2(1.0),12/07/23 11:00:00,Annual,Number per inhabitant,Netherlands,2020,8.40,d
ESTAT:HLTH_HC_PHYS2(1.0),12/07/23 11:00:00,Annual,Number per inhabitant,Netherlands,2021,8.60,d
ESTAT:HLTH_HC_PHYS2(1.0),12/07/23 11:00:00,Annual,Number per inhabitant,Norway,1975,4.50,
ESTAT:HLTH_HC_PHYS2(1.0),12/07/23 11:00:00,Annual,Number per inhabitant,Norway,1985,5.70,
ESTAT:HLTH_HC_PHYS2(1.0),12/07/23 11:00:00,Annual,Number per inhabitant,Norway,1991,3.80,
ESTAT:HLTH_HC_PHYS2(1.0),12/07/23 11:00:00,Annual,Number per inhabitant,Norway,2006,3.70,e
ESTAT:HLTH_HC_PHYS2(1.0),12/07/23 11:00:00,Annual,Number per inhabitant,Norway,2007,3.80,e
ESTAT:HLTH_HC_PHYS2(1.0),12/07/23 11:00:00,Annual,Number per inhabitant,Norway,2008,3.90,e
ESTAT:HLTH_HC_PHYS2(1.0),12/07/23 11:00:00,Annual,Number per inhabitant,Norway,2009,4.00,e
ESTAT:HLTH_HC_PHYS2(1.0),12/07/23 11:00:00,Annual,Number per inhabitant,Norway,2010,4.10,e
ESTAT:HLTH_HC_PHYS2(1.0),12/07/23 11:00:00,Annual,Number per inhabitant,Norway,2011,4.40,b
ESTAT:HLTH_HC_PHYS2(1.0),12/07/23 11:00:00,Annual,Number per inhabitant,Norway,2012,4.40,
ESTAT:HLTH_HC_PHYS2(1.0),12/07/23 11:00:00,Annual,Number per inhabitant,Norway,2013,4.20,
ESTAT:HLTH_HC_PHYS2(1.0),12/07/23 11:00:00,Annual,Number per inhabitant,Norway,2014,4.30,
ESTAT:HLTH_HC_PHYS2(1.0),12/07/23 11:00:00,Annual,Number per inhabitant,Norway,2015,4.30,
ESTAT:HLTH_HC_PHYS2(1.0),12/07/23 11:00:00,Annual,Number per inhabitant,Norway,2016,4.40,
ESTAT:HLTH_HC_PHYS2(1.0),12/07/23 11:00:00,Annual,Number per inhabitant,Norway,2017,4.50,
ESTAT:HLTH_HC_PHYS2(1.0),12/07/23 11:00:00,Annual,Number per inhabitant,Norway,2018,4.50,
ESTAT:HLTH_HC_PHYS2(1.0),12/07/23 11:00:00,Annual,Number per inhabitant,Norway,2019,4.40,
ESTAT:HLTH_HC_PHYS2(1.0),12/07/23 11:00:00,Annual,Number per inhabitant,Norway,2020,3.70,
ESTAT:HLTH_HC_PHYS2(1.0),12/07/23 11:00:00,Annual,Number per inhabitant,Norway,2021,3.90,d
ESTAT:HLTH_HC_PHYS2(1.0),12/07/23 11:00:00,Annual,Number per inhabitant,Poland,1960,3.30,
ESTAT:HLTH_HC_PHYS2(1.0),12/07/23 11:00:00,Annual,Number per inhabitant,Poland,1965,3.70,
ESTAT:HLTH_HC_PHYS2(1.0),12/07/23 11:00:00,Annual,Number per inhabitant,Poland,1966,4.00,
ESTAT:HLTH_HC_PHYS2(1.0),12/07/23 11:00:00,Annual,Number per inhabitant,Poland,1967,4.10,
ESTAT:HLTH_HC_PHYS2(1.0),12/07/23 11:00:00,Annual,Number per inhabitant,Poland,1968,4.10,
ESTAT:HLTH_HC_PHYS2(1.0),12/07/23 11:00:00,Annual,Number per inhabitant,Poland,1969,4.50,
ESTAT:HLTH_HC_PHYS2(1.0),12/07/23 11:00:00,Annual,Number per inhabitant,Poland,1970,4.90,
ESTAT:HLTH_HC_PHYS2(1.0),12/07/23 11:00:00,Annual,Number per inhabitant,Poland,1971,5.40,
ESTAT:HLTH_HC_PHYS2(1.0),12/07/23 11:00:00,Annual,Number per inhabitant,Poland,1972,5.70,
ESTAT:HLTH_HC_PHYS2(1.0),12/07/23 11:00:00,Annual,Number per inhabitant,Poland,1973,6.00,
ESTAT:HLTH_HC_PHYS2(1.0),12/07/23 11:00:00,Annual,Number per inhabitant,Poland,1974,6.10,
ESTAT:HLTH_HC_PHYS2(1.0),12/07/23 11:00:00,Annual,Number per inhabitant,Poland,1975,6.20,
ESTAT:HLTH_HC_PHYS2(1.0),12/07/23 11:00:00,Annual,Number per inhabitant,Poland,1976,6.10,
ESTAT:HLTH_HC_PHYS2(1.0),12/07/23 11:00:00,Annual,Number per inhabitant,Poland,1977,6.30,
ESTAT:HLTH_HC_PHYS2(1.0),12/07/23 11:00:00,Annual,Number per inhabitant,Poland,1978,6.40,
ESTAT:HLTH_HC_PHYS2(1.0),12/07/23 11:00:00,Annual,Number per inhabitant,Poland,1979,6.20,
ESTAT:HLTH_HC_PHYS2(1.0),12/07/23 11:00:00,Annual,Number per inhabitant,Poland,1980,6.50,
ESTAT:HLTH_HC_PHYS2(1.0),12/07/23 11:00:00,Annual,Number per inhabitant,Poland,1981,5.90,
ESTAT:HLTH_HC_PHYS2(1.0),12/07/23 11:00:00,Annual,Number per inhabitant,Poland,1982,6.00,
ESTAT:HLTH_HC_PHYS2(1.0),12/07/23 11:00:00,Annual,Number per inhabitant,Poland,1983,6.10,
ESTAT:HLTH_HC_PHYS2(1.0),12/07/23 11:00:00,Annual,Number per inhabitant,Poland,1984,6.30,
ESTAT:HLTH_HC_PHYS2(1.0),12/07/23 11:00:00,Annual,Number per inhabitant,Poland,1985,6.40,
ESTAT:HLTH_HC_PHYS2(1.0),12/07/23 11:00:00,Annual,Number per inhabitant,Poland,1986,6.40,
ESTAT:HLTH_HC_PHYS2(1.0),12/07/23 11:00:00,Annual,Number per inhabitant,Poland,1987,6.30,
ESTAT:HLTH_HC_PHYS2(1.0),12/07/23 11:00:00,Annual,Number per inhabitant,Poland,1988,6.20,
ESTAT:HLTH_HC_PHYS2(1.0),12/07/23 11:00:00,Annual,Number per inhabitant,Poland,1989,6.00,
ESTAT:HLTH_HC_PHYS2(1.0),12/07/23 11:00:00,Annual,Number per inhabitant,Poland,1990,5.80,
ESTAT:HLTH_HC_PHYS2(1.0),12/07/23 11:00:00,Annual,Number per inhabitant,Poland,1991,5.80,b
ESTAT:HLTH_HC_PHYS2(1.0),12/07/23 11:00:00,Annual,Number per inhabitant,Poland,1992,5.40,
ESTAT:HLTH_HC_PHYS2(1.0),12/07/23 11:00:00,Annual,Number per inhabitant,Poland,1993,5.30,
ESTAT:HLTH_HC_PHYS2(1.0),12/07/23 11:00:00,Annual,Number per inhabitant,Poland,1994,5.40,
ESTAT:HLTH_HC_PHYS2(1.0),12/07/23 11:00:00,Annual,Number per inhabitant,Poland,1995,5.40,
ESTAT:HLTH_HC_PHYS2(1.0),12/07/23 11:00:00,Annual,Number per inhabitant,Poland,1996,5.20,
ESTAT:HLTH_HC_PHYS2(1.0),12/07/23 11:00:00,Annual,Number per inhabitant,Poland,1997,5.30,
ESTAT:HLTH_HC_PHYS2(1.0),12/07/23 11:00:00,Annual,Number per inhabitant,Poland,1998,5.40,b
ESTAT:HLTH_HC_PHYS2(1.0),12/07/23 11:00:00,Annual,Number per inhabitant,Poland,1999,5.30,
ESTAT:HLTH_HC_PHYS2(1.0),12/07/23 11:00:00,Annual,Number per inhabitant,Poland,2000,5.40,
ESTAT:HLTH_HC_PHYS2(1.0),12/07/23 11:00:00,Annual,Number per inhabitant,Poland,2001,5.50,
ESTAT:HLTH_HC_PHYS2(1.0),12/07/23 11:00:00,Annual,Number per inhabitant,Poland,2002,5.60,
ESTAT:HLTH_HC_PHYS2(1.0),12/07/23 11:00:00,Annual,Number per inhabitant,Poland,2003,6.10,b
ESTAT:HLTH_HC_PHYS2(1.0),12/07/23 11:00:00,Annual,Number per inhabitant,Poland,2004,6.20,
ESTAT:HLTH_HC_PHYS2(1.0),12/07/23 11:00:00,Annual,Number per inhabitant,Poland,2005,6.30,
ESTAT:HLTH_HC_PHYS2(1.0),12/07/23 11:00:00,Annual,Number per inhabitant,Poland,2006,6.60,
ESTAT:HLTH_HC_PHYS2(1.0),12/07/23 11:00:00,Annual,Number per inhabitant,Poland,2007,6.80,
ESTAT:HLTH_HC_PHYS2(1.0),12/07/23 11:00:00,Annual,Number per inhabitant,Poland,2008,6.80,
ESTAT:HLTH_HC_PHYS2(1.0),12/07/23 11:00:00,Annual,Number per inhabitant,Poland,2009,6.80,
ESTAT:HLTH_HC_PHYS2(1.0),12/07/23 11:00:00,Annual,Number per inhabitant,Poland,2010,6.60,
ESTAT:HLTH_HC_PHYS2(1.0),12/07/23 11:00:00,Annual,Number per inhabitant,Poland,2011,6.80,
ESTAT:HLTH_HC_PHYS2(1.0),12/07/23 11:00:00,Annual,Number per inhabitant,Poland,2012,7.00,
ESTAT:HLTH_HC_PHYS2(1.0),12/07/23 11:00:00,Annual,Number per inhabitant,Poland,2013,7.10,
ESTAT:HLTH_HC_PHYS2(1.0),12/07/23 11:00:00,Annual,Number per inhabitant,Poland,2014,7.20,
ESTAT:HLTH_HC_PHYS2(1.0),12/07/23 11:00:00,Annual,Number per inhabitant,Poland,2015,7.40,
ESTAT:HLTH_HC_PHYS2(1.0),12/07/23 11:00:00,Annual,Number per inhabitant,Poland,2016,7.50,
ESTAT:HLTH_HC_PHYS2(1.0),12/07/23 11:00:00,Annual,Number per inhabitant,Poland,2017,7.60,
ESTAT:HLTH_HC_PHYS2(1.0),12/07/23 11:00:00,Annual,Number per inhabitant,Poland,2018,7.60,
ESTAT:HLTH_HC_PHYS2(1.0),12/07/23 11:00:00,Annual,Number per inhabitant,Poland,2019,7.70,
ESTAT:HLTH_HC_PHYS2(1.0),12/07/23 11:00:00,Annual,Number per inhabitant,Poland,2020,6.80,
ESTAT:HLTH_HC_PHYS2(1.0),12/07/23 11:00:00,Annual,Number per inhabitant,Poland,2021,7.60,
ESTAT:HLTH_HC_PHYS2(1.0),12/07/23 11:00:00,Annual,Number per inhabitant,Portugal,1985,2.20,
ESTAT:HLTH_HC_PHYS2(1.0),12/07/23 11:00:00,Annual,Number per inhabitant,Portugal,1986,2.40,
ESTAT:HLTH_HC_PHYS2(1.0),12/07/23 11:00:00,Annual,Number per inhabitant,Portugal,1987,2.40,
ESTAT:HLTH_HC_PHYS2(1.0),12/07/23 11:00:00,Annual,Number per inhabitant,Portugal,1988,2.80,
ESTAT:HLTH_HC_PHYS2(1.0),12/07/23 11:00:00,Annual,Number per inhabitant,Portugal,1989,2.90,
ESTAT:HLTH_HC_PHYS2(1.0),12/07/23 11:00:00,Annual,Number per inhabitant,Portugal,1990,3.00,
ESTAT:HLTH_HC_PHYS2(1.0),12/07/23 11:00:00,Annual,Number per inhabitant,Portugal,1991,3.00,
ESTAT:HLTH_HC_PHYS2(1.0),12/07/23 11:00:00,Annual,Number per inhabitant,Portugal,1992,3.10,
ESTAT:HLTH_HC_PHYS2(1.0),12/07/23 11:00:00,Annual,Number per inhabitant,Portugal,1993,3.10,
ESTAT:HLTH_HC_PHYS2(1.0),12/07/23 11:00:00,Annual,Number per inhabitant,Portugal,1994,3.10,
ESTAT:HLTH_HC_PHYS2(1.0),12/07/23 11:00:00,Annual,Number per inhabitant,Portugal,1995,3.20,
ESTAT:HLTH_HC_PHYS2(1.0),12/07/23 11:00:00,Annual,Number per inhabitant,Portugal,1996,3.20,
ESTAT:HLTH_HC_PHYS2(1.0),12/07/23 11:00:00,Annual,Number per inhabitant,Portugal,1997,3.30,
ESTAT:HLTH_HC_PHYS2(1.0),12/07/23 11:00:00,Annual,Number per inhabitant,Portugal,1998,3.40,
ESTAT:HLTH_HC_PHYS2(1.0),12/07/23 11:00:00,Annual,Number per inhabitant,Portugal,1999,3.50,
ESTAT:HLTH_HC_PHYS2(1.0),12/07/23 11:00:00,Annual,Number per inhabitant,Portugal,2000,3.50,
ESTAT:HLTH_HC_PHYS2(1.0),12/07/23 11:00:00,Annual,Number per inhabitant,Portugal,2001,3.60,
ESTAT:HLTH_HC_PHYS2(1.0),12/07/23 11:00:00,Annual,Number per inhabitant,Portugal,2002,3.70,
ESTAT:HLTH_HC_PHYS2(1.0),12/07/23 11:00:00,Annual,Number per inhabitant,Portugal,2003,3.70,
ESTAT:HLTH_HC_PHYS2(1.0),12/07/23 11:00:00,Annual,Number per inhabitant,Portugal,2004,3.80,
ESTAT:HLTH_HC_PHYS2(1.0),12/07/23 11:00:00,Annual,Number per inhabitant,Portugal,2005,3.90,
ESTAT:HLTH_HC_PHYS2(1.0),12/07/23 11:00:00,Annual,Number per inhabitant,Portugal,2006,3.90,
ESTAT:HLTH_HC_PHYS2(1.0),12/07/23 11:00:00,Annual,Number per inhabitant,Portugal,2007,4.10,
ESTAT:HLTH_HC_PHYS2(1.0),12/07/23 11:00:00,Annual,Number per inhabitant,Portugal,2008,4.50,
ESTAT:HLTH_HC_PHYS2(1.0),12/07/23 11:00:00,Annual,Number per inhabitant,Portugal,2009,4.00,
ESTAT:HLTH_HC_PHYS2(1.0),12/07/23 11:00:00,Annual,Number per inhabitant,Portugal,2010,4.10,
ESTAT:HLTH_HC_PHYS2(1.0),12/07/23 11:00:00,Annual,Number per inhabitant,Portugal,2011,4.20,
ESTAT:HLTH_HC_PHYS2(1.0),12/07/23 11:00:00,Annual,Number per inhabitant,Portugal,2012,4.10,
ESTAT:HLTH_HC_PHYS2(1.0),12/07/23 11:00:00,Annual,Number per inhabitant,Portugal,2014,3.70,bd
ESTAT:HLTH_HC_PHYS2(1.0),12/07/23 11:00:00,Annual,Number per inhabitant,Portugal,2015,3.80,d
ESTAT:HLTH_HC_PHYS2(1.0),12/07/23 11:00:00,Annual,Number per inhabitant,Portugal,2016,3.90,d
ESTAT:HLTH_HC_PHYS2(1.0),12/07/23 11:00:00,Annual,Number per inhabitant,Portugal,2017,3.90,d
ESTAT:HLTH_HC_PHYS2(1.0),12/07/23 11:00:00,Annual,Number per inhabitant,Portugal,2018,4.00,d
ESTAT:HLTH_HC_PHYS2(1.0),12/07/23 11:00:00,Annual,Number per inhabitant,Portugal,2019,4.10,d
ESTAT:HLTH_HC_PHYS2(1.0),12/07/23 11:00:00,Annual,Number per inhabitant,Portugal,2020,3.00,d
ESTAT:HLTH_HC_PHYS2(1.0),12/07/23 11:00:00,Annual,Number per inhabitant,Portugal,2021,3.50,d
ESTAT:HLTH_HC_PHYS2(1.0),12/07/23 11:00:00,Annual,Number per inhabitant,Romania,1980,4.90,
ESTAT:HLTH_HC_PHYS2(1.0),12/07/23 11:00:00,Annual,Number per inhabitant,Romania,1985,5.00,
ESTAT:HLTH_HC_PHYS2(1.0),12/07/23 11:00:00,Annual,Number per inhabitant,Romania,1986,5.40,
ESTAT:HLTH_HC_PHYS2(1.0),12/07/23 11:00:00,Annual,Number per inhabitant,Romania,1987,5.40,
ESTAT:HLTH_HC_PHYS2(1.0),12/07/23 11:00:00,Annual,Number per inhabitant,Romania,1988,5.50,
ESTAT:HLTH_HC_PHYS2(1.0),12/07/23 11:00:00,Annual,Number per inhabitant,Romania,1989,5.40,
ESTAT:HLTH_HC_PHYS2(1.0),12/07/23 11:00:00,Annual,Number per inhabitant,Romania,1990,4.60,
ESTAT:HLTH_HC_PHYS2(1.0),12/07/23 11:00:00,Annual,Number per inhabitant,Romania,1991,4.10,
ESTAT:HLTH_HC_PHYS2(1.0),12/07/23 11:00:00,Annual,Number per inhabitant,Romania,1992,4.40,
ESTAT:HLTH_HC_PHYS2(1.0),12/07/23 11:00:00,Annual,Number per inhabitant,Romania,1993,4.50,
ESTAT:HLTH_HC_PHYS2(1.0),12/07/23 11:00:00,Annual,Number per inhabitant,Romania,1994,4.50,
ESTAT:HLTH_HC_PHYS2(1.0),12/07/23 11:00:00,Annual,Number per inhabitant,Romania,1995,4.50,
ESTAT:HLTH_HC_PHYS2(1.0),12/07/23 11:00:00,Annual,Number per inhabitant,Romania,1996,4.50,
ESTAT:HLTH_HC_PHYS2(1.0),12/07/23 11:00:00,Annual,Number per inhabitant,Romania,1997,4.20,
ESTAT:HLTH_HC_PHYS2(1.0),12/07/23 11:00:00,Annual,Number per inhabitant,Romania,1998,4.00,
ESTAT:HLTH_HC_PHYS2(1.0),12/07/23 11:00:00,Annual,Number per inhabitant,Romania,1999,3.80,
ESTAT:HLTH_HC_PHYS2(1.0),12/07/23 11:00:00,Annual,Number per inhabitant,Romania,2000,3.60,
ESTAT:HLTH_HC_PHYS2(1.0),12/07/23 11:00:00,Annual,Number per inhabitant,Romania,2001,3.80,
ESTAT:HLTH_HC_PHYS2(1.0),12/07/23 11:00:00,Annual,Number per inhabitant,Romania,2002,4.20,
ESTAT:HLTH_HC_PHYS2(1.0),12/07/23 11:00:00,Annual,Number per inhabitant,Romania,2003,4.10,
ESTAT:HLTH_HC_PHYS2(1.0),12/07/23 11:00:00,Annual,Number per inhabitant,Romania,2004,4.50,
ESTAT:HLTH_HC_PHYS2(1.0),12/07/23 11:00:00,Annual,Number per inhabitant,Romania,2005,4.80,
ESTAT:HLTH_HC_PHYS2(1.0),12/07/23 11:00:00,Annual,Number per inhabitant,Romania,2006,5.00,
ESTAT:HLTH_HC_PHYS2(1.0),12/07/23 11:00:00,Annual,Number per inhabitant,Romania,2007,4.90,
ESTAT:HLTH_HC_PHYS2(1.0),12/07/23 11:00:00,Annual,Number per inhabitant,Romania,2008,5.10,
ESTAT:HLTH_HC_PHYS2(1.0),12/07/23 11:00:00,Annual,Number per inhabitant,Romania,2009,5.20,
ESTAT:HLTH_HC_PHYS2(1.0),12/07/23 11:00:00,Annual,Number per inhabitant,Romania,2010,5.00,
ESTAT:HLTH_HC_PHYS2(1.0),12/07/23 11:00:00,Annual,Number per inhabitant,Romania,2011,4.80,
ESTAT:HLTH_HC_PHYS2(1.0),12/07/23 11:00:00,Annual,Number per inhabitant,Romania,2012,4.90,
ESTAT:HLTH_HC_PHYS2(1.0),12/07/23 11:00:00,Annual,Number per inhabitant,Romania,2013,4.80,
ESTAT:HLTH_HC_PHYS2(1.0),12/07/23 11:00:00,Annual,Number per inhabitant,Romania,2014,5.30,
ESTAT:HLTH_HC_PHYS2(1.0),12/07/23 11:00:00,Annual,Number per inhabitant,Romania,2015,5.40,
ESTAT:HLTH_HC_PHYS2(1.0),12/07/23 11:00:00,Annual,Number per inhabitant,Romania,2016,5.00,
ESTAT:HLTH_HC_PHYS2(1.0),12/07/23 11:00:00,Annual,Number per inhabitant,Romania,2017,5.00,
ESTAT:HLTH_HC_PHYS2(1.0),12/07/23 11:00:00,Annual,Number per inhabitant,Romania,2018,5.20,
ESTAT:HLTH_HC_PHYS2(1.0),12/07/23 11:00:00,Annual,Number per inhabitant,Romania,2019,5.30,
ESTAT:HLTH_HC_PHYS2(1.0),12/07/23 11:00:00,Annual,Number per inhabitant,Romania,2020,4.60,
ESTAT:HLTH_HC_PHYS2(1.0),12/07/23 11:00:00,Annual,Number per inhabitant,Romania,2021,4.90,
ESTAT:HLTH_HC_PHYS2(1.0),12/07/23 11:00:00,Annual,Number per inhabitant,Serbia,2006,6.90,d
ESTAT:HLTH_HC_PHYS2(1.0),12/07/23 11:00:00,Annual,Number per inhabitant,Serbia,2007,7.10,d
ESTAT:HLTH_HC_PHYS2(1.0),12/07/23 11:00:00,Annual,Number per inhabitant,Serbia,2008,7.40,d
ESTAT:HLTH_HC_PHYS2(1.0),12/07/23 11:00:00,Annual,Number per inhabitant,Serbia,2009,7.70,d
ESTAT:HLTH_HC_PHYS2(1.0),12/07/23 11:00:00,Annual,Number per inhabitant,Serbia,2010,7.70,d
ESTAT:HLTH_HC_PHYS2(1.0),12/07/23 11:00:00,Annual,Number per inhabitant,Serbia,2011,7.60,d
ESTAT:HLTH_HC_PHYS2(1.0),12/07/23 11:00:00,Annual,Number per inhabitant,Serbia,2012,7.50,d
ESTAT:HLTH_HC_PHYS2(1.0),12/07/23 11:00:00,Annual,Number per inhabitant,Serbia,2013,7.60,d
ESTAT:HLTH_HC_PHYS2(1.0),12/07/23 11:00:00,Annual,Number per inhabitant,Serbia,2014,7.80,d
ESTAT:HLTH_HC_PHYS2(1.0),12/07/23 11:00:00,Annual,Number per inhabitant,Serbia,2015,7.70,d
ESTAT:HLTH_HC_PHYS2(1.0),12/07/23 11:00:00,Annual,Number per inhabitant,Serbia,2016,7.70,d
ESTAT:HLTH_HC_PHYS2(1.0),12/07/23 11:00:00,Annual,Number per inhabitant,Serbia,2017,7.70,d
ESTAT:HLTH_HC_PHYS2(1.0),12/07/23 11:00:00,Annual,Number per inhabitant,Serbia,2018,7.50,d
ESTAT:HLTH_HC_PHYS2(1.0),12/07/23 11:00:00,Annual,Number per inhabitant,Serbia,2019,7.40,d
ESTAT:HLTH_HC_PHYS2(1.0),12/07/23 11:00:00,Annual,Number per inhabitant,Serbia,2020,5.50,d
ESTAT:HLTH_HC_PHYS2(1.0),12/07/23 11:00:00,Annual,Number per inhabitant,Serbia,2021,6.80,d
ESTAT:HLTH_HC_PHYS2(1.0),12/07/23 11:00:00,Annual,Number per inhabitant,Sweden,2001,2.95,
ESTAT:HLTH_HC_PHYS2(1.0),12/07/23 11:00:00,Annual,Number per inhabitant,Sweden,2002,2.96,
ESTAT:HLTH_HC_PHYS2(1.0),12/07/23 11:00:00,Annual,Number per inhabitant,Sweden,2003,2.82,
ESTAT:HLTH_HC_PHYS2(1.0),12/07/23 11:00:00,Annual,Number per inhabitant,Sweden,2004,2.79,
ESTAT:HLTH_HC_PHYS2(1.0),12/07/23 11:00:00,Annual,Number per inhabitant,Sweden,2005,2.81,
ESTAT:HLTH_HC_PHYS2(1.0),12/07/23 11:00:00,Annual,Number per inhabitant,Sweden,2006,2.84,
ESTAT:HLTH_HC_PHYS2(1.0),12/07/23 11:00:00,Annual,Number per inhabitant,Sweden,2007,2.82,
ESTAT:HLTH_HC_PHYS2(1.0),12/07/23 11:00:00,Annual,Number per inhabitant,Sweden,2008,2.86,
ESTAT:HLTH_HC_PHYS2(1.0),12/07/23 11:00:00,Annual,Number per inhabitant,Sweden,2009,2.88,
ESTAT:HLTH_HC_PHYS2(1.0),12/07/23 11:00:00,Annual,Number per inhabitant,Sweden,2010,2.91,
ESTAT:HLTH_HC_PHYS2(1.0),12/07/23 11:00:00,Annual,Number per inhabitant,Sweden,2011,2.95,
ESTAT:HLTH_HC_PHYS2(1.0),12/07/23 11:00:00,Annual,Number per inhabitant,Sweden,2012,2.94,
ESTAT:HLTH_HC_PHYS2(1.0),12/07/23 11:00:00,Annual,Number per inhabitant,Sweden,2013,2.93,
ESTAT:HLTH_HC_PHYS2(1.0),12/07/23 11:00:00,Annual,Number per inhabitant,Sweden,2014,2.91,
ESTAT:HLTH_HC_PHYS2(1.0),12/07/23 11:00:00,Annual,Number per inhabitant,Sweden,2015,2.87,
ESTAT:HLTH_HC_PHYS2(1.0),12/07/23 11:00:00,Annual,Number per inhabitant,Sweden,2016,2.84,
ESTAT:HLTH_HC_PHYS2(1.0),12/07/23 11:00:00,Annual,Number per inhabitant,Sweden,2017,2.77,
ESTAT:HLTH_HC_PHYS2(1.0),12/07/23 11:00:00,Annual,Number per inhabitant,Sweden,2018,2.67,
ESTAT:HLTH_HC_PHYS2(1.0),12/07/23 11:00:00,Annual,Number per inhabitant,Sweden,2019,2.63,
ESTAT:HLTH_HC_PHYS2(1.0),12/07/23 11:00:00,Annual,Number per inhabitant,Sweden,2020,2.16,
ESTAT:HLTH_HC_PHYS2(1.0),12/07/23 11:00:00,Annual,Number per inhabitant,Sweden,2021,2.26,
ESTAT:HLTH_HC_PHYS2(1.0),12/07/23 11:00:00,Annual,Number per inhabitant,Slovenia,2006,6.60,
ESTAT:HLTH_HC_PHYS2(1.0),12/07/23 11:00:00,Annual,Number per inhabitant,Slovenia,2007,6.70,
ESTAT:HLTH_HC_PHYS2(1.0),12/07/23 11:00:00,Annual,Number per inhabitant,Slovenia,2008,6.70,
ESTAT:HLTH_HC_PHYS2(1.0),12/07/23 11:00:00,Annual,Number per inhabitant,Slovenia,2009,6.60,
ESTAT:HLTH_HC_PHYS2(1.0),12/07/23 11:00:00,Annual,Number per inhabitant,Slovenia,2010,6.40,
ESTAT:HLTH_HC_PHYS2(1.0),12/07/23 11:00:00,Annual,Number per inhabitant,Slovenia,2011,6.50,
ESTAT:HLTH_HC_PHYS2(1.0),12/07/23 11:00:00,Annual,Number per inhabitant,Slovenia,2012,6.30,
ESTAT:HLTH_HC_PHYS2(1.0),12/07/23 11:00:00,Annual,Number per inhabitant,Slovenia,2013,6.50,
ESTAT:HLTH_HC_PHYS2(1.0),12/07/23 11:00:00,Annual,Number per inhabitant,Slovenia,2014,6.60,
ESTAT:HLTH_HC_PHYS2(1.0),12/07/23 11:00:00,Annual,Number per inhabitant,Slovenia,2015,6.80,
ESTAT:HLTH_HC_PHYS2(1.0),12/07/23 11:00:00,Annual,Number per inhabitant,Slovenia,2016,6.70,
ESTAT:HLTH_HC_PHYS2(1.0),12/07/23 11:00:00,Annual,Number per inhabitant,Slovenia,2017,6.60,
ESTAT:HLTH_HC_PHYS2(1.0),12/07/23 11:00:00,Annual,Number per inhabitant,Slovenia,2018,6.60,
ESTAT:HLTH_HC_PHYS2(1.0),12/07/23 11:00:00,Annual,Number per inhabitant,Slovenia,2019,6.70,
ESTAT:HLTH_HC_PHYS2(1.0),12/07/23 11:00:00,Annual,Number per inhabitant,Slovenia,2020,5.30,
ESTAT:HLTH_HC_PHYS2(1.0),12/07/23 11:00:00,Annual,Number per inhabitant,Slovenia,2021,5.90,
ESTAT:HLTH_HC_PHYS2(1.0),12/07/23 11:00:00,Annual,Number per inhabitant,Slovakia,2007,11.11,
ESTAT:HLTH_HC_PHYS2(1.0),12/07/23 11:00:00,Annual,Number per inhabitant,Slovakia,2008,11.98,
ESTAT:HLTH_HC_PHYS2(1.0),12/07/23 11:00:00,Annual,Number per inhabitant,Slovakia,2009,11.47,
ESTAT:HLTH_HC_PHYS2(1.0),12/07/23 11:00:00,Annual,Number per inhabitant,Slovakia,2010,11.47,
ESTAT:HLTH_HC_PHYS2(1.0),12/07/23 11:00:00,Annual,Number per inhabitant,Slovakia,2011,10.93,
ESTAT:HLTH_HC_PHYS2(1.0),12/07/23 11:00:00,Annual,Number per inhabitant,Slovakia,2012,11.06,
ESTAT:HLTH_HC_PHYS2(1.0),12/07/23 11:00:00,Annual,Number per inhabitant,Slovakia,2013,10.95,
ESTAT:HLTH_HC_PHYS2(1.0),12/07/23 11:00:00,Annual,Number per inhabitant,Slovakia,2014,11.19,
ESTAT:HLTH_HC_PHYS2(1.0),12/07/23 11:00:00,Annual,Number per inhabitant,Slovakia,2015,11.31,
ESTAT:HLTH_HC_PHYS2(1.0),12/07/23 11:00:00,Annual,Number per inhabitant,Slovakia,2016,11.35,
ESTAT:HLTH_HC_PHYS2(1.0),12/07/23 11:00:00,Annual,Number per inhabitant,Slovakia,2017,10.90,
ESTAT:HLTH_HC_PHYS2(1.0),12/07/23 11:00:00,Annual,Number per inhabitant,Slovakia,2018,10.88,
ESTAT:HLTH_HC_PHYS2(1.0),12/07/23 11:00:00,Annual,Number per inhabitant,Slovakia,2019,11.12,d
ESTAT:HLTH_HC_PHYS2(1.0),12/07/23 11:00:00,Annual,Number per inhabitant,Slovakia,2020,10.06,d
ESTAT:HLTH_HC_PHYS2(1.0),12/07/23 11:00:00,Annual,Number per inhabitant,Slovakia,2021,11.03,d
ESTAT:HLTH_HC_PHYS2(1.0),12/07/23 11:00:00,Annual,Number per inhabitant,Trkiye,1960,0.70,
ESTAT:HLTH_HC_PHYS2(1.0),12/07/23 11:00:00,Annual,Number per inhabitant,Trkiye,1961,0.70,
ESTAT:HLTH_HC_PHYS2(1.0),12/07/23 11:00:00,Annual,Number per inhabitant,Trkiye,1962,0.70,
ESTAT:HLTH_HC_PHYS2(1.0),12/07/23 11:00:00,Annual,Number per inhabitant,Trkiye,1963,0.70,
ESTAT:HLTH_HC_PHYS2(1.0),12/07/23 11:00:00,Annual,Number per inhabitant,Trkiye,1964,0.80,
ESTAT:HLTH_HC_PHYS2(1.0),12/07/23 11:00:00,Annual,Number per inhabitant,Trkiye,1965,0.80,
ESTAT:HLTH_HC_PHYS2(1.0),12/07/23 11:00:00,Annual,Number per inhabitant,Trkiye,1966,0.80,
ESTAT:HLTH_HC_PHYS2(1.0),12/07/23 11:00:00,Annual,Number per inhabitant,Trkiye,1967,0.80,
ESTAT:HLTH_HC_PHYS2(1.0),12/07/23 11:00:00,Annual,Number per inhabitant,Trkiye,1968,0.80,
ESTAT:HLTH_HC_PHYS2(1.0),12/07/23 11:00:00,Annual,Number per inhabitant,Trkiye,1969,0.80,
ESTAT:HLTH_HC_PHYS2(1.0),12/07/23 11:00:00,Annual,Number per inhabitant,Trkiye,1970,0.80,
ESTAT:HLTH_HC_PHYS2(1.0),12/07/23 11:00:00,Annual,Number per inhabitant,Trkiye,1971,0.90,
ESTAT:HLTH_HC_PHYS2(1.0),12/07/23 11:00:00,Annual,Number per inhabitant,Trkiye,1972,0.90,
ESTAT:HLTH_HC_PHYS2(1.0),12/07/23 11:00:00,Annual,Number per inhabitant,Trkiye,1973,0.90,
ESTAT:HLTH_HC_PHYS2(1.0),12/07/23 11:00:00,Annual,Number per inhabitant,Trkiye,1974,0.90,
ESTAT:HLTH_HC_PHYS2(1.0),12/07/23 11:00:00,Annual,Number per inhabitant,Trkiye,1975,0.90,
ESTAT:HLTH_HC_PHYS2(1.0),12/07/23 11:00:00,Annual,Number per inhabitant,Trkiye,1976,0.90,
ESTAT:HLTH_HC_PHYS2(1.0),12/07/23 11:00:00,Annual,Number per inhabitant,Trkiye,1977,0.90,
ESTAT:HLTH_HC_PHYS2(1.0),12/07/23 11:00:00,Annual,Number per inhabitant,Trkiye,1978,0.90,
ESTAT:HLTH_HC_PHYS2(1.0),12/07/23 11:00:00,Annual,Number per inhabitant,Trkiye,1979,1.00,
ESTAT:HLTH_HC_PHYS2(1.0),12/07/23 11:00:00,Annual,Number per inhabitant,Trkiye,1980,1.00,
ESTAT:HLTH_HC_PHYS2(1.0),12/07/23 11:00:00,Annual,Number per inhabitant,Trkiye,1981,1.00,
ESTAT:HLTH_HC_PHYS2(1.0),12/07/23 11:00:00,Annual,Number per inhabitant,Trkiye,1982,1.00,
ESTAT:HLTH_HC_PHYS2(1.0),12/07/23 11:00:00,Annual,Number per inhabitant,Trkiye,1983,1.00,
ESTAT:HLTH_HC_PHYS2(1.0),12/07/23 11:00:00,Annual,Number per inhabitant,Trkiye,1984,1.10,
ESTAT:HLTH_HC_PHYS2(1.0),12/07/23 11:00:00,Annual,Number per inhabitant,Trkiye,1985,1.10,
ESTAT:HLTH_HC_PHYS2(1.0),12/07/23 11:00:00,Annual,Number per inhabitant,Trkiye,1986,1.10,
ESTAT:HLTH_HC_PHYS2(1.0),12/07/23 11:00:00,Annual,Number per inhabitant,Trkiye,1987,1.10,
ESTAT:HLTH_HC_PHYS2(1.0),12/07/23 11:00:00,Annual,Number per inhabitant,Trkiye,1988,1.20,
ESTAT:HLTH_HC_PHYS2(1.0),12/07/23 11:00:00,Annual,Number per inhabitant,Trkiye,1989,1.30,
ESTAT:HLTH_HC_PHYS2(1.0),12/07/23 11:00:00,Annual,Number per inhabitant,Trkiye,1990,1.30,
ESTAT:HLTH_HC_PHYS2(1.0),12/07/23 11:00:00,Annual,Number per inhabitant,Trkiye,1991,1.30,
ESTAT:HLTH_HC_PHYS2(1.0),12/07/23 11:00:00,Annual,Number per inhabitant,Trkiye,1992,1.30,
ESTAT:HLTH_HC_PHYS2(1.0),12/07/23 11:00:00,Annual,Number per inhabitant,Trkiye,1993,1.60,
ESTAT:HLTH_HC_PHYS2(1.0),12/07/23 11:00:00,Annual,Number per inhabitant,Trkiye,1994,1.70,
ESTAT:HLTH_HC_PHYS2(1.0),12/07/23 11:00:00,Annual,Number per inhabitant,Trkiye,1995,1.80,
ESTAT:HLTH_HC_PHYS2(1.0),12/07/23 11:00:00,Annual,Number per inhabitant,Trkiye,1996,2.00,
ESTAT:HLTH_HC_PHYS2(1.0),12/07/23 11:00:00,Annual,Number per inhabitant,Trkiye,1997,2.20,
ESTAT:HLTH_HC_PHYS2(1.0),12/07/23 11:00:00,Annual,Number per inhabitant,Trkiye,1998,2.40,
ESTAT:HLTH_HC_PHYS2(1.0),12/07/23 11:00:00,Annual,Number per inhabitant,Trkiye,1999,2.60,
ESTAT:HLTH_HC_PHYS2(1.0),12/07/23 11:00:00,Annual,Number per inhabitant,Trkiye,2000,2.80,
ESTAT:HLTH_HC_PHYS2(1.0),12/07/23 11:00:00,Annual,Number per inhabitant,Trkiye,2001,3.00,
ESTAT:HLTH_HC_PHYS2(1.0),12/07/23 11:00:00,Annual,Number per inhabitant,Trkiye,2002,3.10,
ESTAT:HLTH_HC_PHYS2(1.0),12/07/23 11:00:00,Annual,Number per inhabitant,Trkiye,2003,3.40,
ESTAT:HLTH_HC_PHYS2(1.0),12/07/23 11:00:00,Annual,Number per inhabitant,Trkiye,2004,3.70,
ESTAT:HLTH_HC_PHYS2(1.0),12/07/23 11:00:00,Annual,Number per inhabitant,Trkiye,2005,4.60,
ESTAT:HLTH_HC_PHYS2(1.0),12/07/23 11:00:00,Annual,Number per inhabitant,Trkiye,2006,5.30,
ESTAT:HLTH_HC_PHYS2(1.0),12/07/23 11:00:00,Annual,Number per inhabitant,Trkiye,2007,6.10,
ESTAT:HLTH_HC_PHYS2(1.0),12/07/23 11:00:00,Annual,Number per inhabitant,Trkiye,2008,6.70,
ESTAT:HLTH_HC_PHYS2(1.0),12/07/23 11:00:00,Annual,Number per inhabitant,Trkiye,2009,7.30,
ESTAT:HLTH_HC_PHYS2(1.0),12/07/23 11:00:00,Annual,Number per inhabitant,Trkiye,2010,7.30,
ESTAT:HLTH_HC_PHYS2(1.0),12/07/23 11:00:00,Annual,Number per inhabitant,Trkiye,2011,8.20,
ESTAT:HLTH_HC_PHYS2(1.0),12/07/23 11:00:00,Annual,Number per inhabitant,Trkiye,2012,8.20,
ESTAT:HLTH_HC_PHYS2(1.0),12/07/23 11:00:00,Annual,Number per inhabitant,Trkiye,2013,8.20,
ESTAT:HLTH_HC_PHYS2(1.0),12/07/23 11:00:00,Annual,Number per inhabitant,Trkiye,2014,8.30,
ESTAT:HLTH_HC_PHYS2(1.0),12/07/23 11:00:00,Annual,Number per inhabitant,Trkiye,2015,8.40,
ESTAT:HLTH_HC_PHYS2(1.0),12/07/23 11:00:00,Annual,Number per inhabitant,Trkiye,2016,8.60,
ESTAT:HLTH_HC_PHYS2(1.0),12/07/23 11:00:00,Annual,Number per inhabitant,Trkiye,2017,8.90,
ESTAT:HLTH_HC_PHYS2(1.0),12/07/23 11:00:00,Annual,Number per inhabitant,Trkiye,2018,9.50,
ESTAT:HLTH_HC_PHYS2(1.0),12/07/23 11:00:00,Annual,Number per inhabitant,Trkiye,2019,9.80,
ESTAT:HLTH_HC_PHYS2(1.0),12/07/23 11:00:00,Annual,Number per inhabitant,Trkiye,2020,7.20,
ESTAT:HLTH_HC_PHYS2(1.0),12/07/23 11:00:00,Annual,Number per inhabitant,Trkiye,2021,8.00,
